PROMSHR,PROMPLEDG,FORPROM,Market.Capitalisation,EPS,P.E,P.B,BVS,Beta,TA,Alpha,PBDITAINC,PBTINC,PATINC,CASHPRFINC,PBDITAMARG,OPMARG,OPRFINCOS,PBPTEQ,ROE,RONW,CASHROE,PBPTCE,ROCE,PATCE,PBPTTA,ROTA,PATTA,QR,CR,DE,CASHCL,CASHCOS,TURNOVER,NAT,PVT,FORGN,OTHERS,Target
56.9,54.14,52.55,17369.43,20.21,16.88,3.39,100.58,1.32,10270,-0.45,30.69,24.14,15.83,20.95,26.95,27.87,1086.28,33.81,21.57,24.1,31.9,22.13,14.12,15.77,12.76,8.14,9.09,0.17,0.8,0.76,0.16,99.5,7043.6,9,0,0,0,1
56.9,0,52.02,36643.33,29.88,24.08,5.35,134.52,1.03,21981,0.46,32.16,24.96,16.13,22.39,26.14,30.19,1275.65,38.13,24.29,25.64,35.58,21.87,13.93,14.71,12.8,8.15,8.61,0.08,0.43,0.73,0.07,46.5,9668.4,7,2,0,0,1
57.14,71.43,22.17,4216.33,32.92,2.52,0.5,164.71,1.17,42052.5,-0.37,31.92,17.41,12,17.21,27.35,31.38,3746.91,30.59,21.12,21.56,30.91,12.52,8.64,8.82,7.7,5.32,5.43,0.03,0.48,2.03,0.02,17.35,14122.2,8,2,0,0,1
57.14,60.03,48.83,12730.45,43.23,5.78,1.18,211.24,1.38,53942.3,-0.09,33.42,17.18,11.9,16.74,27.14,29.33,322.25,32.45,22.62,23.52,33.08,9.55,6.66,6.92,6.64,4.63,4.82,0.09,0.4,2.69,0.07,7.59,18076.7,9,2,0,0,1
60.72,67.95,52.48,18431.15,36.68,9.87,1.49,243.66,1.38,76049.5,0.06,31.17,12.73,8.61,12.93,31.53,27.37,244.82,23.92,16.12,16.3,24.48,7.29,4.91,4.97,4.29,2.89,2.93,0.25,0.88,1.93,0.13,149.58,20770.9,9,2,0,0,1
61.83,60.03,54.21,19406.3,29.72,12.82,1.41,270.15,1.38,76049.5,0.06,28.65,10.91,7.41,12.52,28.12,27.77,731.4,20.08,13.71,13.55,22.88,6.26,4.28,4.23,3.25,2.22,2.19,0.17,0.91,2.45,0.06,73.04,23842.9,9,2,0,0,1
66.81,60.75,50.26,16320.44,27.53,11.64,1.08,297.27,1.37,89208.7,0.18,33.72,7.85,4.98,10.44,30.48,32.22,644.58,9.51,5.71,7.27,15.21,2.69,1.62,2.06,1.44,0.86,1.1,0.07,0.83,2.61,0,6.14,20940.2,9,2,0,0,1
67.92,91.38,54.21,13030.89,-15.66,28.83,0.98,260.96,1.31,124561.6,0.3,60.03,-17.84,-11.93,-10.2,56.6,66.67,-453.6,-11.39,-5.58,-13.95,-11.93,-2.66,-1.3,-3.26,-1.41,-0.69,-1.73,0.13,1.06,4.05,0.02,99.44,16188.1,19,2,0,3,1
58.67,95.35,0.05,12208.12,-161.1,21.38,2.41,94.14,0.67,123546,-0.01,-7.74,-297.43,-223.49,-218.72,-1.28,-0.98,-35385.5,-103.7,-94.5,-97.8,-95.72,-13.1,-11.94,-12.36,-7.7,-7.01,-7.26,0.1,1.08,14.42,0.01,37.64,3901.2,19,2,0,3,1
33.26,99.33,0,2593.48,-505.02,23.61,50.71,-590.88,0.69,111067.5,-0.63,-4068.86,-9859.92,-9808.6,-6403.1,169.82,-1643.54,-54630.11,-129,102.49,-144.69,154.73,-20.62,-36.92,-50.13,-13.03,-23.34,-31.68,0.09,0.74,0.2,0.01,49.17,343.1,19,2,2,3,1
49.62,0,0.1,401421.36,71.29,17.59,2.95,142.53,0.75,1114528,0,56.87,29.9,31.14,42.24,54,54,570.35,27.15,26.95,28.11,38.14,8.95,8.88,9.26,6.76,6.71,6.99,0.39,0.4,1.74,0.05,61.83,5608,3,4,0,0,0
81.3,8.18,15.11,232193.38,4.9,118.3,8.9,65.13,1.15,57266.7,-0.02,69.67,41.69,23.95,50.72,59.94,59.94,176.95,21.26,11.73,12.75,27,10.88,6,6.52,8.12,4.48,4.87,1.66,1.68,0.73,1.38,850.4,6712.6,3,4,0,0,0
81.2,14.48,15.11,129499.39,11.31,28.57,4.4,73.44,1.42,65245.8,0.69,69.52,40.81,35.6,50.82,63.92,63.92,225.19,18.75,16.33,16.61,23.71,10.65,9.27,9.43,8.5,7.4,7.53,0.96,0.97,0.79,0.77,838.92,10338.9,3,5,0,0,0
80.17,9.98,15.11,316636.44,17.84,44.29,9.08,86.99,1.07,80770.3,0.1,71.09,48.61,44.81,60.08,66.54,66.54,289.96,23.97,22.24,21.81,29.24,12.88,11.95,11.72,10.55,9.79,9.6,0.32,0.33,0.92,0.24,428.5,12852.2,3,5,0,0,0
77.5,0,2.46,273363.12,4.73,28.83,6.37,21.42,1.05,85106.2,0.04,71.33,53.7,49.18,62.69,66.8,66.8,443.59,26.68,24.38,25.36,32.33,15.13,13.83,14.39,12.51,11.43,11.89,0.18,0.26,0.63,0.05,67.28,17319.8,2,7,2,0,0
77.5,6.54,28.45,258538.01,5.67,22.78,5.04,25.6,1.05,85106.2,0.04,71.46,50.34,46.68,51.25,68.82,68.82,614.67,26.82,24.87,24.91,27.36,13.82,12.82,12.84,11.72,10.87,10.89,0.29,0.36,1.2,0.19,200.5,23084.5,2,6,2,0,0
77.5,0,19.54,277970.93,7.99,17.37,4.29,32.36,1.08,131780.4,0.07,75.41,53,49.22,51.99,70.77,70.77,328.64,32.02,29.88,29.81,31.49,14.34,13.38,13.35,12.04,11.24,11.21,0.97,1.42,1.26,0.24,182.47,29804.9,2,6,2,0,0
75,2.39,28.45,388134.68,9.18,20.42,4.16,45.09,1.07,209058.3,0.21,69.16,43.92,40.06,43.66,62.28,62.28,263.47,26.25,23.97,25.42,27.7,12.58,11.48,12.18,10.68,9.75,10.34,0.95,1.95,0.96,0.21,80.34,41138.6,9,8,5,0,0
75,7.81,0.09,637679.4,10.39,29.64,5.69,54.11,1.32,258085.5,0.18,74.08,45.98,46.06,55.58,67.83,67.83,242.7,20.94,21.1,21.41,25.84,10.39,10.48,10.63,9.17,9.24,9.38,0.48,0.83,1.06,0.16,112.77,38140.1,3,9,6,0,0
56.39,33.92,6.57,512974.75,14.3,17.32,3.86,64.1,1.47,320566.6,0.15,80.12,52.94,50.53,52.34,74.81,74.81,255.42,25.42,24.27,24.29,25.16,11.88,11.34,11.35,10.76,10.27,10.28,0.51,0.64,1.21,0.16,221.82,46373.3,8,2,0,0,0
29.94,66.12,0.06,9719.72,7.59,7.52,0.99,57.8,1.43,33277.5,0.19,26.79,11.63,8.21,16.35,22.55,23.32,267.14,25.32,17.55,17.99,35.81,6.28,4.35,4.46,5.71,3.96,4.05,1.54,2.02,3.26,0.84,179.36,19153.1,9,3,0,0,1
32.19,60.03,0.05,10659.61,10.52,5.42,0.81,70.59,1.13,78960.2,0.1,30.28,11.03,7.26,15.49,26.68,27.83,180.96,23.82,16.03,16.18,34.53,5.06,3.41,3.44,4.61,3.1,3.13,1.39,1.96,4.03,0.63,147.7,23528.9,12,3,0,0,1
35.57,63.7,0.05,7540.94,3.07,4.06,0.37,33.29,1.14,91668.5,-0.59,32.08,8.77,5.81,14.93,26.93,30.23,400.45,16.74,11.67,11.82,30.37,3.43,2.39,2.42,3.13,2.18,2.21,1.01,1.66,3.76,0.22,47.63,31541.6,19,3,0,0,1
28.35,90.91,0.09,17489.12,4.13,5.37,0.64,34.48,1.33,121964.3,-0.65,31.04,8.17,5.38,14.66,29.5,31.68,623.63,20.41,14.55,11.06,30.17,4.66,3.32,2.53,4.27,3.05,2.32,1.16,1.93,3.13,0.46,92.28,45208.8,19,3,0,0,1
28.35,68.24,0.09,17449.42,5.13,4.32,0.56,39.32,1.33,142969.7,-0.47,31.72,8.63,5.99,14.73,29.5,30.49,500.19,20.59,13.9,13.91,34.23,4.95,3.34,3.35,4.52,3.05,3.05,0.49,0.95,3.18,0.07,20.97,66335.7,21,3,0,0,1
31.78,73.31,0,16194.88,3.28,5.98,0.49,39.92,1.33,142969.7,-0.47,33.5,6.76,4.02,12.41,27.53,32.04,364.27,18.97,10.46,11.27,34.82,4.36,2.4,2.59,3.93,2.17,2.33,0.46,1.1,3.5,0.12,42.92,92669.8,21,3,0,0,1
34.16,98.75,0,11292.35,6.64,1.23,0.24,34.6,1.39,183341.8,-0.33,29.68,6.73,4.4,12,25.39,28.49,494.85,32.51,17.85,18.08,49.3,7.83,4.3,4.36,6.42,3.53,3.57,0.58,1.3,3.15,0.08,20.05,205581.2,21,3,0,0,1
38.48,99.46,0,8951.25,2.27,2.87,0.17,38.61,1.7,257494.9,-0.47,24.19,2.46,1.54,8.87,29.25,23.46,302.41,11.91,6.39,6.44,37.22,3.08,1.65,1.66,2.19,1.18,1.19,0.64,1.41,2.87,0.05,12.4,225003.1,21,4,5,7,1
38.17,99.76,0,10192.15,1.68,4.42,0.19,39.32,1.92,294305.4,-0.51,24.19,2.46,1.54,8.87,29.25,23.46,302.41,11.91,6.39,6.44,37.22,3.08,1.65,1.66,2.19,1.18,1.19,0.64,1.41,2.87,0.05,12.4,225003.1,21,4,5,7,1
37.02,94.17,0,6225.48,-31.02,12.03,0.1,46.83,2.01,367956,-0.61,10.43,-51.42,-34.35,-14.48,8.67,8.26,-1478.82,-47.64,-72.14,-71.01,-29.94,-11.68,-17.69,-17.41,-8.52,-12.9,-12.7,0.52,1.06,3.26,0.01,4.2,119522,3,0,0,0,1
32.34,0,52.55,47070.78,15.56,23.7,3.05,120.92,0.47,31417,0.65,34.48,26.93,19.72,29.38,29.41,29.86,423.72,21.21,15.6,15.71,23.4,10.76,7.91,7.97,10.02,7.37,7.43,2.16,2.77,0.76,1.57,168.39,11168.9,3,0,0,0,1
34.25,24.81,58.48,36073.1,17.54,14.58,1.59,160.75,0.72,32215.3,0.41,33.69,24.7,18.34,25.12,25.35,26.36,300.13,15.43,12.39,12.8,17.54,8.2,6.59,6.8,7.68,6.17,6.37,4.64,5.59,0.97,3.63,323.07,12827,3,0,0,0,1
34.25,29.52,48.83,10447.59,11.05,6.7,0.43,171.7,0.9,49883,-0.04,33.89,17.38,12.74,23.17,24.86,24.92,227,4.65,6.01,6.1,11.1,2.18,2.81,2.85,2.05,2.65,2.69,2.69,3.6,1.29,1.85,262.58,10524.5,3,0,0,0,1
28.98,0,56.21,37416.01,8.65,22.43,1.1,176.77,0.88,63135.8,-0.06,34.53,14.09,10.04,21.74,26.74,27.02,290.76,2.55,4.07,4.43,9.6,1.32,2.1,2.29,1.24,1.98,2.15,2.4,3.36,0.7,1.57,207.8,12777,3,0,0,0,1
32.58,91.38,0,32650.8,9.18,16.44,0.8,188.71,0.91,69872.7,-0.25,23.87,6.79,4.17,13.66,31.34,31.76,15317.29,6.71,6.61,2.01,6.59,3.87,3.81,1.16,3.64,3.59,1.09,2.47,4.53,0.77,1.64,205.25,19131.8,3,0,0,0,1
38.68,47.32,22.17,29486.46,11.77,11.24,0.69,192.43,0.91,79802.6,-0.25,33.22,16.7,11.88,20.51,28.78,29.11,22.79,6.18,6.76,6.74,11.64,3.36,3.67,3.66,3.04,3.32,3.31,0.41,1.05,0.91,0.15,62.1,23106.6,3,0,0,0,1
44.55,0,52.55,13959.13,13.06,4.89,0.31,205.04,0.98,96206.1,-0.26,34.38,17.24,13.59,23.8,27.64,27.93,649.22,7.08,5.58,9.82,17.19,3.26,2.57,4.52,2.98,2.35,4.13,0.8,1.31,1.41,0.42,95.35,30193.8,3,0,0,0,1
49.36,0,52.06,34804.9,12.14,13.11,0.7,226.91,0.93,121895.6,0.19,31.17,11.8,8.08,20.03,30.07,30.32,1723.22,9.04,6.41,6.51,16.13,3.67,2.6,2.64,3.45,2.44,2.48,0.38,0.78,1.52,0.08,26.46,39506.8,3,0,0,0,1
48.98,0,52.02,31979.15,7.98,18.18,0.6,242.11,1.25,138592.2,-0.12,28.65,-4.76,-2.94,8.6,21.78,25.17,-2636.22,-6.98,-5.45,-2.26,6.61,-2.61,-2.04,-0.85,-2.35,-1.84,-0.76,0.22,0.66,1.83,0.02,6.72,37475.8,3,0,0,0,1
49.98,5.13,0,6821.33,-49.36,10.87,0.16,195.63,1.67,164518.4,-0.47,16.94,-69.82,-48.85,-25.89,19.19,19.71,-76372.13,-19.65,-14.67,-15.57,-8.25,-6.56,-4.9,-5.2,-5.67,-4.24,-4.49,0.18,0.53,2.18,0.02,13.36,15078.7,3,0,0,0,1
47.82,0,42.27,73359.45,22.61,33.83,8.91,85.82,0.32,12947.9,0.39,13.76,12.04,7.95,9.24,12.59,12.86,2320.72,57.88,39.21,39.82,46.3,51.14,34.64,35.18,27.71,18.77,19.06,0.59,1.23,0.14,0.18,5.16,33880.6,16,3,1,0,0
49.47,3.62,54.21,115098.94,39.23,30.59,12.4,96.8,0.36,30133.7,0.47,14.99,13.55,9.05,10.36,13.88,13.99,1801.78,65.22,45,44.86,51.35,58.72,40.52,40.4,23.85,16.46,16.41,0.83,1.11,0.08,0.16,4.22,40946.7,6,3,1,0,0
49.98,31.01,15.09,75392.95,36.77,21.38,6.89,114.1,0.38,33557.2,0.34,12.65,10.77,7.12,8.58,11.86,11.86,2548.5,52.15,34.86,35.82,43.18,48.72,32.57,33.46,16.57,11.07,11.38,0.84,1.11,0.06,0.1,10.34,50418.7,12,2,0,1,0
50.53,19.74,56.21,195925.74,79.24,25.78,12.58,162.35,0.42,46233.9,0.54,20.06,18.67,13.01,14.01,17.49,17.88,886.31,81.27,57.33,58.42,62.88,77.43,54.62,55.65,27.01,19.05,19.41,0.86,1.12,0.04,0.2,2.16,57937.2,1,3,1,0,0
52.34,22.72,45.1,242384.49,80.16,31.52,12.27,205.93,0.43,38891.7,0.51,16.93,15.39,10.59,12.2,15.85,16.2,2555.39,62.72,43.53,43.89,50.59,60.46,41.97,42.31,26.03,18.07,18.21,0.78,1.46,0.03,0.5,1.3,72582.9,7,3,0,0,0
52.79,21.51,45.1,310564.26,91.94,35.22,11.55,280.35,0.43,38891.7,0.51,16.41,14.74,10.34,11.4,15.04,15.28,1433.18,59.93,42.79,42.95,47.32,56.94,40.66,40.81,30.69,21.91,21.99,0.66,1.29,0.07,0.36,6.01,91393.1,6,1,1,0,0
52.79,15.48,52.06,471388.16,109.62,44.83,14.29,343.85,0.41,48261.4,0.57,15.89,14.34,9.91,11.64,14.83,15.07,2276.41,53.86,37.89,38.11,44.75,51.78,36.42,36.63,28.25,19.87,19.99,0.61,1.29,0.02,0.28,5.8,104900.7,1,1,2,0,0
52.79,18.6,0,524201.59,12.26,44.58,14.56,37.54,0.49,67559,0.65,15.78,13.79,9.47,11.5,14.78,14.88,1576.1,50.66,35.51,35.3,42.86,49.9,34.97,34.77,26.98,18.91,18.8,0.71,1.35,0.01,0.37,3.59,121981.7,5,4,3,0,0
52.79,13.06,54.21,775751.21,13.85,58.38,18.34,44.1,0.55,73304.4,0.5,15.77,13.96,9.58,11.1,14.58,14.75,1479.97,48.52,33.93,33.9,39.29,47.99,33.56,33.53,26.97,18.87,18.85,0.81,1.5,0.01,0.42,1.9,136901,8,4,3,0,0
52.8,13.19,0,833255.12,17.45,49.78,14.02,61.98,0.57,87350.7,0.46,17.51,15.8,10.66,12.42,16.24,16.03,1658.05,44.6,32.91,31.9,37.18,44.27,32.66,31.66,28.21,20.82,20.18,1.16,1.85,0.01,0.67,4.62,148830.3,5,4,2,0,0
43.1,0,52.48,138041.33,20.75,23.63,4.14,118.44,0.93,497846.4,0.61,79.8,18.2,12.04,16.26,33.42,0,21.3,36.8,20.3,20.96,28.31,11.89,6.56,6.78,1.88,1.04,1.07,3.13,3.13,2.56,2.5,2080.01,23084.5,2,3,1,0,0
42.51,0.98,52.48,279424.91,29.11,26.84,3.19,245.19,1.01,1096256.8,0.55,77.18,18.68,12.15,18.63,-9961.15,0,24.92,35.9,17.11,17.6,26.99,14.6,6.96,7.16,2.39,1.14,1.17,3.97,3.97,1.03,3.32,2118.66,1833,0,0,0,0,0
42.4,0,26,148807.62,46.55,8.9,1.46,284.53,1.21,1477588.4,0.28,80.61,20.17,13.14,19.41,-3137.32,0,25.94,37.33,17.6,19.12,28.25,16.27,7.67,8.34,2.75,1.3,1.41,4.11,4.11,1.52,3.38,1918.18,4964.7,1,2,0,0,0
38.54,13.19,26,473689.06,57.79,20.23,2.95,395.99,1.14,1806805.3,0.31,77.71,24.67,16.11,25.65,59.94,0,32.97,38.74,17.83,19.15,30.5,17.26,7.94,8.53,3.1,1.43,1.53,3.26,3.26,1.07,2.68,1496.13,211489.7,8,5,4,0,0
37.21,39.87,21.85,576262.67,74.78,18.77,3.03,462.77,1.19,2427460.3,0.43,77.28,25.95,17.12,23.5,-8231.37,0,30.78,34.19,17.52,19.34,26.55,15.26,7.82,8.64,2.83,1.45,1.6,2.94,2.94,1.38,2.5,1635.06,26478.1,0,2,1,0,0
37.38,0,54.21,473490.41,88.73,12.91,2.16,531.61,1.19,2427460.3,0.43,79.35,22.92,15.46,19.89,33.42,0,26,33.68,18.71,20.29,26.11,13.79,7.66,8.31,2.66,1.48,1.61,2.46,2.46,1.49,1.77,846.76,30178.6,1,3,1,0,0
33.88,0,5.14,608925.75,97.65,13.33,2.23,583.25,1.22,2856508.6,0.31,80.6,22.31,15.3,20.79,54.74,0,27.19,32.65,17.55,18.53,25.17,13.63,7.33,7.73,2.91,1.57,1.65,2.27,2.27,1.33,1.77,1078.99,117351.3,1,3,2,0,0
29.54,0,54.21,686184.48,126.28,11.57,1.8,813.47,1.27,3832874.7,0.19,79.98,24.41,16.24,21.71,74.81,0,29.64,31.56,16.64,17.43,23.32,13.6,7.17,7.51,3.11,1.64,1.72,2.37,2.37,1.32,1.89,1286.07,24522.3,0,3,4,0,0
27.93,0,0,1328440.64,29.99,18.68,2.97,188.47,1.55,4619777.9,0.16,80.01,25.12,16.71,22.69,80.07,0,30.14,31.75,17.15,17.75,24.1,12.36,6.68,6.91,3.11,1.68,1.74,2.91,2.91,1.79,2.38,1431.88,204791.8,9,5,2,0,0
30.76,0.03,0,1059287.89,31.45,14.14,1.99,223.12,1.43,5399959.4,0.1,81.04,24.34,16.15,24,33.42,0,31.48,32.26,15.32,16.81,24.98,11.03,5.24,5.75,3.15,1.5,1.64,2.44,2.44,2.04,1.72,1204.49,91.9,2,3,1,0,0
21.56,0,0,25168.88,64.27,6.66,0.66,583.17,1.71,6487841.6,-0.68,28.84,7.6,0,9.89,26.02,0,10751.81,-35.96,-35.31,-35.31,-31.09,8.29,3.47,4.23,3.1,1.57,3.05,0.46,0.35,4.08,0.08,41.5,519445.7,2,3,1,0,0
56.21,0,22.17,847468.49,16.63,41.14,2.79,64.1,0.52,161006.8,0.31,12.96,11.12,7.41,8.42,9.44,9.51,370.72,10.4,6.43,10.31,19.01,18.95,12.08,13.27,10.99,6.65,8.31,1.27,1.46,0.84,0.76,2.44,98033.9,2,3,1,0,0
49.62,5.27,54.21,89479.52,43.84,14.11,4.79,129.23,0.92,60473.6,0.23,14.5,9.73,6.66,7.76,12.49,12.46,590.98,54.16,38.75,39.98,46.6,28.66,20.51,21.16,16.41,11.74,12.11,1.19,1.34,0.94,0.53,7.04,95902.5,2,3,1,0,0
49.62,0.98,50.26,290973.01,112.92,17.81,9.94,202.4,0.91,87389,0.6,20.26,18.99,13.41,14.09,18.48,18.55,1553.03,100.13,70.81,73.68,77.42,61.34,43.38,45.14,31.64,22.38,23.28,1.32,1.42,0.46,0.79,61.64,123999.2,2,3,1,0,0
50.02,0.51,54.21,422417.98,85.43,17.09,8.6,169.69,0.9,94194.8,1.2,24.51,23.18,17.81,18.46,18.35,18.43,686.11,88.66,63.07,85.21,88.34,73.11,52.01,70.27,38.27,27.23,36.78,0.63,0.78,0.07,0.24,15.99,173322.2,2,3,1,0,0
50.02,1.84,48.83,485528.92,95.55,17.56,6.8,246.82,0.9,94194.8,1.2,20.76,19.06,14.22,15,18.23,18.31,719.23,72.98,53.92,54.86,57.88,70.1,51.79,52.69,38.68,28.58,29.07,0.95,1.11,0.02,0.59,35.47,204791.8,2,3,1,0,0
50.02,0.1,54.21,519384.86,103.62,17.32,6.24,287.48,0.89,112451.4,1.03,20.92,19.41,13.85,14.84,17.83,17.81,635.12,59.51,41.57,43.66,46.78,58.61,40.94,43,34.74,24.27,25.49,1.32,1.49,0.01,0.79,11.53,211360.7,2,3,1,0,0
50.02,0.06,54.21,601391.48,108.04,19.24,6.26,332.04,0.82,148953.7,0.58,22.8,21.17,14.83,15.57,20.17,20.19,841.34,50.83,35.71,37.1,38.95,50.4,35.41,36.79,32.32,22.71,23.59,1.01,1.18,0.01,0.59,10.45,211777,2,3,1,0,0
49.24,0,26,583754.56,107.59,18.75,5.46,369.5,0.81,157037.7,0.22,19.11,17.68,12.18,13.19,18.61,18.66,986.48,42.54,30.67,27.72,30.02,42.18,30.41,27.49,28.22,20.35,18.39,1.92,2.12,0.01,1.43,11.36,225421.9,2,3,1,0,0
49.3,0.05,0,696245.99,134.43,17.9,5.25,458.47,0.82,166186.5,0.2,23.47,22.23,15.75,16.69,20.2,20.14,578.23,45.49,32.47,32.8,34.76,45.06,32.16,32.49,33.72,24.07,24.32,1.06,1.34,0.01,0.78,16,239033.1,2,0,0,0,0
60.95,6.21,15.59,1446926.77,17.02,44.84,14.33,53.25,0.86,198894.9,0.53,43.18,25.55,22.4,38.38,42.69,42.69,8915.06,52.17,42.78,42.97,73.61,33.91,27.81,27.93,20.27,16.62,16.69,0.35,0.35,0.46,0.07,22.13,178516.1,17,5,3,0,0
65.88,0,20.57,1567861.34,33.23,24.86,7.75,106.63,0.75,418592.1,0.81,42.97,26.38,23.96,37.34,42.56,42.56,5687.59,44.55,39.82,39.42,61.45,32.4,28.96,28.67,20.07,17.94,17.76,0.46,0.46,0.32,0.13,10,257035.1,9,3,3,0,0
67.15,0,21.85,1187918.46,40.51,15.45,4.3,145.62,0.77,533022.5,0.42,40.53,23.63,22.42,31.4,39.61,39.61,2182.07,35.04,32.12,32.35,45.3,26.99,24.74,24.91,17.63,16.16,16.28,0.54,0.55,0.28,0.22,36.55,340142.9,2,3,3,0,0
67.83,0,22.39,1184449.64,25,12.48,3.22,96.73,0.7,613388,0.19,41.37,28.79,25.59,35.36,39.66,39.66,963.56,34.09,29.5,29.28,40.47,28.46,24.62,24.44,19.15,16.56,16.45,0.69,0.69,0.14,0.28,18.29,356095,10,3,1,0,0
68.29,0,22.8,1357617.01,19.9,17.96,3.08,116.15,0.68,796311,0.14,36.59,22.66,20.04,30.73,35.83,35.83,4224.55,21.99,18.72,19.11,29.31,18.18,15.47,15.8,12.61,10.73,10.96,0.43,0.47,0.27,0.01,1.69,380177,3,2,0,0,0
68.5,0.52,22.8,1278818.26,15.36,21.92,2.65,127.1,0.68,796311,0.14,34.87,16.51,13.56,28.05,33.98,33.98,1334.12,15.8,12.3,12.27,25.38,12.24,9.52,9.51,8.7,6.77,6.76,0.48,0.52,0.31,0.04,5.27,416038,7,2,1,0,0
68.55,0,22.8,1108119.28,14.74,19.8,2.07,140.72,0.67,901466,-0.06,32.84,13.85,10.88,26.29,30.73,30.73,489.54,13.27,9.86,9.86,23.83,10.32,7.67,7.67,7.24,5.38,5.38,0.53,0.55,0.26,0.05,3.47,453509,8,2,2,0,0
65.32,0,21.66,1274770.89,16.63,19.18,1.91,166.92,0.71,1120348,-0.12,34.91,16.61,12.85,27.92,34.15,34.15,1260.59,15.03,11.03,10.86,23.59,12.48,9.16,9.02,8.58,6.3,6.19,0.56,0.57,0.16,0.03,4.52,499185,9,2,2,0,0
65.37,0,21.66,1574575.9,32.97,11.95,2.01,195.8,0.73,1438861,0.05,41.69,25.88,21.84,34,36.2,36.2,321.1,22.35,18.24,18.38,28.61,18.31,14.94,15.05,12.65,10.32,10.4,0.67,0.69,0.28,0.14,3.76,554964,6,3,1,0,0
66.75,0,21.66,1402687.7,19.33,18.16,1.26,279.5,0.72,1922537,-0.03,38.71,16.59,12.52,29.62,36.92,36.92,682.09,11.29,8.14,8.2,19.4,8.34,6.02,6.06,6.38,4.6,4.63,0.24,0.28,0.41,0,0.85,603003,2,0,0,0,0
64.18,0,67.23,21815.57,63.4,8.1,1.95,263.05,0.81,35376,0.66,16.93,9.02,6.59,10.99,15.95,16.04,2398.02,25.95,18.29,20.5,34.23,5.87,4.14,4.64,5.02,3.54,3.96,0.35,0.58,3.11,0.01,1.57,30178.6,2,0,0,0,1
64.18,0,52.02,28150.22,94.74,7,1.73,382.68,0.97,88085.5,0.81,20.63,10.87,8.2,13.1,17.75,18.71,788.77,25.7,18.67,21.57,34.45,5.95,4.33,5,5.25,3.81,4.41,0.3,0.58,3.46,0.03,10.92,38734.9,2,0,0,0,1
69.15,25.79,52.06,16916.46,99.04,4.02,0.83,478.95,0.97,121510.2,0.63,22.9,8.32,6.74,13.65,22.46,22,732.78,20.61,16.52,16.52,33.44,4.51,3.62,3.62,3.99,3.2,3.2,0.16,0.29,3.65,0.06,39.33,47824.4,2,0,0,0,1
69.15,18.78,52.02,71337.53,197.78,8.49,1.8,931.21,1.12,173401.6,0.6,26.48,7.83,5.96,15.31,25.39,25.18,464.31,13.64,10.31,10.31,26.47,2.88,2.17,2.17,2.56,1.93,1.93,0.21,0.34,3.81,0.11,47.83,42171.8,2,0,0,0,1
69.15,25.34,67.21,92981.09,47.22,9.27,1.6,274.43,1.17,252715.4,0.97,28.47,11.8,8.62,16.84,23.64,27.52,918.8,18.63,13.56,13.52,26.42,3.97,2.89,2.88,3.5,2.55,2.54,0.28,0.85,3.61,0.11,38.7,50203.5,2,0,0,0,1
67.76,41.6,52.06,88256.11,44.79,9.28,1.35,307.08,1.17,252715.4,0.97,28.84,11.14,7.31,15.86,30.24,28.57,3317.74,17.76,11.6,11.63,25.25,4.02,2.63,2.64,3.49,2.28,2.28,0.33,0.79,3.28,0.15,51.48,72816.5,2,0,0,0,1
69.98,37.54,67.21,103744.11,41.33,11.08,1.23,371.43,1.24,334677.4,0.62,28.78,9.17,5.98,15.16,27.69,28.48,2441.17,14.91,9.71,9.76,24.72,3.21,2.09,2.1,2.79,1.82,1.82,0.3,0.72,3.96,0.08,30.4,95174.7,2,0,0,0,1
71.22,71.89,56.21,102679.13,2.78,163.09,1.13,399.51,1.33,510850.3,0.47,29.32,8.25,5.61,14.27,29.02,29.03,2095.89,13.03,8.86,8.86,22.56,2.73,1.85,1.85,2.41,1.64,1.64,0.24,0.74,3.64,0.02,7.26,112887,2,0,0,0,1
59.1,67.95,54.21,14927.32,-55.59,15.98,0.19,342.16,0.86,529384,-0.61,19.07,-14.32,-13.17,-8.76,17.24,18.1,-3395.98,-20.99,-19.32,-18.32,-12.19,-3.98,-3.66,-3.47,-3.58,-3.29,-3.12,0.19,0.78,5.03,0.02,4.85,101971.4,2,0,0,0,1
59.04,68.98,0,8131.88,-147.39,15.2,0.36,99.69,0.71,613095,-0.86,14.2,-40.35,-28.19,-30.97,13.49,12.93,-9328.39,-63.32,-45.01,-43.52,-47.82,-8.41,-5.98,-5.78,-7.54,-5.36,-5.18,0.13,0.54,8.85,0.01,5.47,85040.8,2,0,0,0,1
21.56,0.03,0,456859.28,8.52,16.92,5.1,109.29,1.43,167745,0.1,16.61,9.66,7.32,12.64,14.47,14.8,804.11,35.28,25.75,29.72,51.36,10.07,7.35,8.48,8.32,6.07,7.01,0.71,1.31,2.67,0.08,9.53,42020.5,10,3,0,0,0
33.01,0,0,2192410.08,18.98,40.55,0.17,190.3,0.81,809644.8,0.14,19.24,11.79,8.93,14.59,17.22,17.92,1032.12,37.82,28.34,29.84,48.77,9.1,6.82,7.18,7.56,5.66,5.96,0.59,1.25,3.52,0.02,2.43,46727.4,11,3,0,0,0
61.32,14.03,0,758484.26,12.7,15.98,1.19,3.72,0.84,30133.7,-0.12,20.61,10.33,7.76,13.78,20.72,20.34,3509.34,30.61,22.99,23.02,40.87,6.28,4.71,4.72,5.34,4.01,4.02,0.57,1.18,4.16,0.06,9.67,54095.5,11,3,0,0,0
25.72,0,16.72,277329.06,11.77,16.92,3.6,73.44,0.94,447171.9,0.02,25.85,18.81,13.82,19.22,23.24,24.39,1020.2,38.12,27.88,28.07,39.05,8.87,6.49,6.53,7.79,5.7,5.74,0.59,1.38,2.86,0.11,8.04,60030.7,11,3,0,0,0
90,22.72,51.42,2192410.08,7.16,48.47,12.31,28.21,0.39,276867.5,-0.26,27.73,17.99,13.15,18.31,25.48,27.07,2048.15,28.01,20.42,20.47,28.51,7.26,5.29,5.31,6.46,4.71,4.72,0.12,0.62,2.86,0.01,2.05,75762.9,11,3,0,0,0
90,14.03,48.83,2167144.63,12.55,27.33,8.79,39.04,0.99,276867.5,0.31,29.23,12.5,9.34,15.93,28.88,29.05,7736.18,20.44,15.24,15.39,26.23,5.18,3.86,3.9,4.57,3.41,3.44,0.23,0.72,3.02,0.04,13.74,107926.4,11,3,0,0,0
90,0,54.21,1952704.05,13.74,22.5,7.22,42.81,0.56,307229.7,0.44,28.35,10.27,7.69,15.32,28,28.25,8152.59,14.91,11.15,11.18,22.27,3.62,2.71,2.72,3.16,2.36,2.37,0.32,1.06,3.2,0.02,5.05,118000.7,11,3,0,0,0
89.65,0,54.21,1818481.31,23.76,12.12,11.06,26.04,0.79,250523.7,0.06,26.05,0.89,0.58,9.93,25.81,25.86,354.38,1.09,0.7,0.69,11.73,0.24,0.15,0.15,0.21,0.13,0.13,0.22,0.81,3.9,0,2.08,106005.3,11,3,0,0,0
79.65,0,0,2289050.46,21.24,17.06,13.68,26.49,0.89,235122.3,0.07,18.83,-10.68,-10.67,-2.53,19.09,18.74,-15666.96,-14.96,-14.99,-14.93,-3.54,-2.74,-2.74,-2.73,-2.42,-2.42,-2.41,0.28,0.96,5.12,0,2.6,117351.3,11,3,2,0,0
79.65,29.52,0,1844378.4,26.23,11.13,11.49,25.4,0.9,213895.4,-0.03,16.49,-31.77,-25.23,-18.58,15.7,15.78,-6960.94,-84.82,-66.9,-66.72,-49.15,-8.51,-6.71,-6.7,-7.41,-5.85,-5.83,0.06,0.19,22.33,0,0.91,130887.2,11,3,2,0,0
25.18,0,0,122156.11,51.59,14.1,2.91,250.35,0.7,39123.3,-0.04,90.34,79.81,78.96,79.29,26.02,25.58,92.3,23.85,23.46,23.51,23.61,20.78,20.44,20.49,15.38,15.13,15.16,0.87,0.87,0.13,0.8,4166.66,4380.4,9,4,4,0,0
25.14,0,0,99381.68,27.95,21.14,2.07,286.12,0.58,65333,-0.23,87.66,73,69.58,70.51,27.67,26.93,88.46,20.19,19.28,18.86,19.11,18.01,17.19,16.82,13.55,12.94,12.66,1.06,1.06,0.11,0.98,4896.58,4964.7,7,0,4,0,0
26.4,26.67,0,82322.27,33,14.81,1.57,312.17,0.52,77492,-0.05,85.47,76.57,73.04,73.16,7.4,7.53,91.27,25.83,24.88,23.57,23.61,23.16,22.31,21.14,17.54,16.9,16.01,1.43,1.43,0.12,1.24,5434.28,4985.9,15,3,3,0,0
25.77,5.11,0,215581.79,49.32,25.89,3.64,350.3,0.47,90367,0.35,90.33,83.82,79.69,78.22,25.92,26.2,97.5,24.6,23.12,23.9,23.46,22.35,21.01,21.72,17.06,16.04,16.58,1.8,1.8,0.09,1.67,7492.25,6302.6,14,3,3,0,0
25.65,4.84,0,277329.06,50.26,32.6,4.61,355.69,0.44,102673,0.3,90.87,85.37,82.05,80.67,19.36,19.61,97.97,27.45,25.94,26.93,26.48,25.39,23.99,24.91,18.46,17.44,18.11,1.83,1.83,0.08,1.69,8496.33,6497.2,15,1,1,0,0
25.61,0.98,0,298197.3,48.58,36.2,4.44,396.38,0.44,102673,0.3,93.34,88.48,83.8,83.24,17.93,17.48,96.38,45.59,43.12,43.15,42.86,42.49,40.18,40.21,29.18,27.59,27.62,2.16,2.16,0.07,1.98,10320.95,6738,15,1,2,0,0
25.56,0,0,299982.17,65.71,26.88,3.94,447.8,0.41,117536,0.35,93.22,88.73,84.75,84.25,-9.84,-9.81,94.91,51.17,48.82,48.87,48.58,48.17,45.95,46,31.67,30.21,30.24,2.02,2.02,0.06,1.8,10917.91,6369,15,2,4,0,0
25.52,0,0,435614.79,111.21,23.03,4.67,548.41,0.44,167676,0.58,95.26,93.16,90.86,91.06,-22.53,-23.46,97.29,83.52,81.21,81.21,81.4,81.03,78.78,78.79,52.23,50.79,50.79,2.15,2.19,0,1.8,5827.87,6081.9,2,2,4,0,0
25.48,0,0,594195.83,99.27,35.13,5.59,624.13,0.37,191779,0.38,94.84,92.98,91.41,91.55,0.48,0.49,98.22,82.28,80.86,80.67,80.8,82.28,80.86,80.67,56.21,55.24,55.12,2.32,2.38,0,1.81,4387.5,7192.2,3,3,4,0,0
25.58,13.06,0,517777.17,81.02,37.46,4.29,708.02,0.53,175852,0.24,96.36,95.33,94.33,94.58,-137.45,-197.89,96.74,100.45,101.08,101.24,101.5,97.14,97.75,97.9,73.33,73.79,73.91,3.09,3.19,0.07,2.41,4770.78,2150,5,0,4,0,0
59.41,57.69,42.27,25168.88,0.33,6.77,4.88,10.17,1.33,69872.7,0.25,36.73,31.22,26.9,30.35,33.85,34.04,1549.07,39.55,35.33,35.47,40.03,33.27,29.72,29.83,26.97,24.09,24.19,2.64,3.1,0.08,1.37,185.78,41966.9,20,2,0,3,1
52.55,73.31,22.8,10659.61,13.06,16.29,1.96,31.73,1.47,166186.5,0.24,21.52,15.43,12.51,18.48,17.07,17.51,393.25,12.94,10.24,10.35,15.29,11.91,9.42,9.53,9.62,7.61,7.7,1.37,1.78,0.1,0.56,62.59,36154,20,2,0,3,1
34.64,77.45,0,213695.58,-31.02,12.12,1.45,92.74,1.63,32215.3,-0.61,23.27,15.81,12.16,17.99,21.57,21.87,1221.42,16.42,11.04,11.14,16.48,14.8,9.95,10.04,11.58,7.79,7.85,1.4,1.82,0.12,0.25,38.11,45315,20,2,0,3,1
16.49,68.98,0,70044.08,18.14,6.7,0.64,73.44,1.91,38891.7,-0.05,28.31,21.37,16.63,22.04,24.72,25.31,696.61,20.96,14.9,15.14,20.07,18.92,13.46,13.67,13.95,9.92,10.08,1.06,1.43,0.1,0.3,38.05,48826,20,2,0,4,1
34.4,71.43,0,16603.44,-0.03,28.83,0.8,10.17,1.63,66861.4,-0.64,23.66,17.7,15.04,18.18,21.23,21.52,977.48,17.97,14.25,14.97,18.1,15.38,12.2,12.82,11.11,8.81,9.26,0.84,1.16,0.24,0.02,5.1,57779,20,2,0,4,1
34.8,70.62,0,12737.44,-0.39,19.4,0.64,9.81,1.93,66861.4,-0.59,27.21,18.33,13.28,17.13,25.89,26.29,1627.52,19.78,14.24,14.33,18.48,16.03,11.54,11.61,11.44,8.24,8.29,1.02,1.34,0.23,0.24,59.18,67802,20,2,0,4,1
39.64,57.69,0,10671.27,-1.07,14.96,0.56,8.75,1.7,90366.6,-0.11,26.2,20.27,14.63,19.97,23.67,23.95,1432.04,23.98,17.47,17.46,23.84,19.17,13.97,13.96,13.63,9.93,9.92,1.04,1.44,0.27,0.27,51.75,83946,20,2,0,3,1
39.66,99.94,0,8703.21,-1.33,14.1,0.58,6.86,1.18,114010.4,-0.31,31.06,24.48,19.28,23.03,29.02,29.52,1563.59,27.96,22.11,22.59,26.99,21.87,17.29,17.67,15.67,12.39,12.66,1.58,1.99,0.29,0.42,33.4,98100,20,2,0,3,1
45.23,79.53,0,9540.57,-2.56,24.07,0.87,4.54,1.43,133610.2,-0.39,25.64,19.97,16.29,20.73,24.03,24.1,1022.3,20.85,16.95,16.84,21.43,16.16,13.13,13.05,11.58,9.41,9.35,1.68,2.07,0.29,0.64,39.43,100939,20,2,0,3,1
45.23,79.53,0,8070.94,-1.56,24.07,0.9,3.72,1.47,134322.4,-0.23,26.07,15.79,12.94,21.39,23.75,23.82,678.99,17.79,12.17,12.1,19.99,13.97,9.56,9.5,10.99,7.52,7.48,1.71,2.17,0.26,0.8,53.17,102919,20,2,0,4,1
20.25,98.75,0,5895.84,33,9.6,2.13,148.77,0.88,4023.4,2.71,-77.22,52.94,0,11.06,11.9,0,241.11,23.03,12.31,18.83,-2.26,34.23,24.19,33.81,10.02,5.53,3.96,2.53,3.12,0,2.5,2118.66,112887,5,0,0,0,1
24.23,99.46,52.02,13721.2,54.63,10.87,2.94,201.79,1.05,23438.5,2.04,0,0,0,0,0,0,0,0,0,0,0,0,0,0,0,0,0,26.87,26.87,0.43,26.87,10917.91,3901.2,8,0,0,0,1
58.17,95.99,15.21,10026.97,12.48,5.6,1.14,61.23,0.85,33292.3,1.17,0,0,0,0,0,0,0,0,0,0,0,0,0,0,0,0,0,12.56,12.56,2.66,12.56,10917.91,32478.4,10,0,0,0,1
59.79,47.32,52.48,39989.92,12.7,17.57,2.74,81.32,1.03,46537.6,0.94,0,0,0,0,0,0,0,0,0,0,0,0,0,0,0,0,0,0.43,0.43,1.48,0.43,846.76,7192.2,12,0,0,0,1
58.92,76.46,22.17,34292.69,13.61,13.85,1.97,95.57,0.94,57629.2,0.47,-41.74,-72.89,-72.89,-60.29,-34.67,-45.3,-2777.27,-0.33,-0.33,-0.33,-0.27,-0.12,-0.12,-0.12,-0.11,-0.11,-0.11,0.1,0.14,1.99,0.09,1347.17,81.9,8,0,0,0,1
59.99,79.07,26,25055.85,9.84,14.01,1.36,101.64,0.94,57629.2,0.47,-66.68,-221.7,-221.76,-186.07,-55.87,-67.49,-35623.81,-7.5,-7.51,-7.51,-6.31,-2.1,-2.1,-2.1,-1.9,-1.9,-1.91,0.07,0.22,3.21,0.07,211.64,671.4,10,0,0,0,1
60.4,87.91,52.48,24437.63,8.9,15.1,1.29,103.84,0.69,64287.9,0.33,-36.3,-151.98,-151.99,-119.93,-34.03,-35.68,-6960.94,-15.02,-14.97,-15.1,-11.91,-3.25,-3.24,-3.26,-2.89,-2.88,-2.9,0.05,0.15,4.08,0.04,109.7,1833,19,1,0,2,1
59.14,88.24,4.35,2427.4,-20.5,17.81,0.17,80.1,0.81,92908.5,-0.61,-3.02,-49.93,-49.93,-38.33,-3.17,-3.46,-11759.77,-17.85,-17.69,-17.7,-13.58,-3.09,-3.07,-3.07,-2.71,-2.69,-2.69,0.17,0.44,5.6,0.16,37.78,5805.6,19,1,0,3,1
66.97,100,0,1661.31,-20.68,7.47,0.2,25.56,0.92,92263.9,-1.3,3.08,-30.46,-30.46,-20.1,2.76,3.04,-11759.77,-55.94,-55.74,-56.32,-37.16,-5.93,-5.91,-5.97,-5.08,-5.07,-5.12,0.11,0.38,14.37,0.08,33.79,20410.3,19,1,0,3,1
66.36,100,0,553.77,-35.11,14.59,1.52,-4.6,0.92,92263.9,-1.3,13.39,-11.57,-11.57,-5.24,3.34,3.41,-1618.43,-81.3,-46.62,-45.67,-20.69,-5.65,-3.24,-3.17,-4.96,-2.84,-2.79,0.07,0.27,12.62,0.01,6.42,28887.6,5,0,0,0,1
87.08,71.43,58.48,42116.01,1.54,24.07,1.01,36.49,1.35,147425.8,0.19,19.82,14.35,10.19,12.83,18.22,18.42,906.08,40.45,29.04,29.03,36.55,15.19,10.91,10.9,13.08,9.39,9.38,1.1,1.8,2.68,0.4,69.15,7630.1,5,0,0,0,1
79.52,61.25,52.55,59042.2,5.49,9.43,1.28,40.39,1.56,161006.8,0.13,21.53,13.65,8.1,11.73,18.79,19.22,477.88,51.12,31.77,30.55,44.27,13.27,8.25,7.93,11.2,6.96,6.69,0.84,1.22,2.96,0.42,130.58,14501.5,12,3,0,0,1
19.54,76.46,0,32387.01,29.88,18.45,0.61,111.7,1.92,320566.6,-0.02,20.37,11.05,8.24,11.06,14.09,15.05,198.04,36.42,26.18,29.61,39.74,11.02,7.93,8.96,8.78,6.32,7.14,0.57,0.99,1.94,0.11,30.41,23046.4,14,3,0,0,1
25.65,25.34,26,13395.34,-0.03,13.85,1.8,99.03,0.81,107411.8,0.41,20.74,11.32,8.01,11.69,16.22,16.79,308.9,29.03,19.48,23.92,34.91,10.39,6.97,8.56,8.49,5.7,7,0.85,1.41,1.71,0.28,57.68,33196.2,15,3,0,0,1
21.56,79.07,0,11466.5,12.11,5.37,0.64,90.38,1.93,66093.3,-0.44,19.81,9.21,6.38,9.55,14.9,15.91,202.17,21.94,15.5,15.45,23.16,8.09,5.71,5.7,6.73,4.75,4.74,0.56,1.29,1.71,0.03,7.22,36909.1,13,4,0,0,1
67.76,90.91,15.29,10026.97,14.3,17.32,2.77,109.78,1.43,161006.8,-0.24,19.44,6.16,3.67,6.89,15.37,16.22,154.74,15.83,9.98,9.12,17.11,5.47,3.45,3.15,4.58,2.89,2.64,0.54,1.29,2.07,0.02,4.63,41973.6,13,4,0,0,1
26.34,79.07,0,12730.45,11.05,17.37,0.7,38.35,1.73,594625.4,0.08,19.68,5.06,3.58,6.41,17,17.31,185.86,11.89,8.96,8.99,16.1,3.69,2.78,2.79,3.13,2.36,2.37,0.63,1.32,2.36,0.01,1.91,45667.9,13,5,0,0,1
74.12,54.14,54.21,24437.63,3.28,17.9,5.21,34.29,1.33,175686.4,-0.3,7.09,-28.66,-18.66,-15.64,9.37,9.15,-790.32,-33,-21.88,-29.5,-24.71,-7.89,-5.23,-7.06,-6.59,-4.37,-5.89,0.99,1.76,4.28,0,1.39,26098.5,13,5,0,0,1
33.7,66.12,0,23264.64,5.92,27.02,0.7,127.1,2.03,198109.7,-0.12,11.91,-37.76,-37.76,-26.38,10.02,9.28,-4096.2,-59.95,-59.53,-57.02,-39.84,-9.03,-8.96,-8.59,-7.46,-7.41,-7.09,1.07,1.78,7.99,0.03,25.53,16881.1,13,5,0,0,1
37.38,0.52,0.06,13321.62,-45.84,36.95,11.49,1038.76,0.9,48261.4,-0.01,-30.15,-107.75,-107.75,-91.77,-32.35,-31.2,-19595.39,-687.56,-686.31,-686.06,-584.32,-17.68,-17.65,-17.64,-14.62,-14.59,-14.59,0.78,1.28,50.46,0.02,18.66,12110.2,20,3,5,0,1
21.56,0.52,0.12,303228.49,33.21,28.58,4.97,191.11,0.45,735868.7,0.24,22.74,7.47,4.76,13.6,19.66,21.57,528.19,23.03,14.17,14.43,41.24,6.19,3.81,3.88,4.52,2.78,2.83,0.2,0.65,1.7,0.03,6.89,90045.3,9,2,1,0,0
23.26,6.21,5.1,467833.73,44.85,29.43,4.07,324.38,0.78,1332510.1,0.16,20.1,6.72,3.55,12.09,19.55,19.27,578.38,18.75,10.12,9.73,33.12,7.41,4,3.84,5.25,2.83,2.72,0.15,0.59,1.37,0.02,3.64,119179.9,8,4,2,0,0
19.38,5.1,0,411708.01,51.84,18.67,2.81,344.44,0.93,1833586.8,0.22,18.88,2.3,1.44,8.34,18.9,19.13,368.79,8.73,6.43,3.97,23.06,3.51,2.59,1.6,2.58,1.9,1.17,0.17,0.59,1.59,0.02,2.74,127128.9,12,2,1,0,0
23.73,6.22,15.29,884588.87,64.33,30.04,4.11,470.19,0.91,2225568.8,0.21,15.81,0.61,0.19,7.1,12.98,13.17,11.35,0.53,-0.1,0.33,12.08,0.19,-0.03,0.11,0.15,-0.03,0.09,0.33,0.56,2.01,0.17,59.32,114020.8,8,0,0,0,0
23.35,0,0,1090000.52,84.32,27.79,4.29,545.53,0.95,2774287.7,0.3,13.4,-2.71,-1.19,3.65,8.67,9.64,-67.87,-3.95,-1.75,-1.7,5.2,-1.28,-0.57,-0.55,-1.05,-0.46,-0.45,0.2,0.64,2.13,0.07,25.93,133606.5,2,3,4,0,0
23.15,15.31,0,1220395.23,20.56,25.29,4.19,123.99,0.95,2774287.7,0.3,11.17,-7.05,-6.88,-1.64,8.54,8.07,-212.21,-13.2,-12.85,-12.82,-3.06,-3.75,-3.65,-3.64,-3.03,-2.95,-2.94,0.16,0.42,2.97,0.04,13.42,175790.2,20,3,0,0,0
22.83,0,0,1484995.42,23.6,26.44,4.27,146.12,0.95,3379715.1,0.33,3.23,-25.29,-16.66,-15.93,9.49,9.5,-899.88,-35.96,-17.81,-34.66,-33.14,-7.94,-3.93,-7.65,-6.08,-3.01,-5.86,0.16,0.43,4.24,0.04,12.71,163767.2,9,5,2,0,0
22.64,0,0,1796528.92,31.51,23.76,4.13,181.23,0.85,4916580.9,0.28,23.78,-13.58,-9.37,-20.78,10.32,10.13,-1617.5,-74.48,-62.88,-25.72,-57.04,-12.47,-10.52,-4.3,-8.66,-7.31,-2.99,0.21,0.51,5.94,0.02,5.1,143909.8,21,3,5,3,0
21.67,0,0,2563768.73,37.86,27.02,4.13,247.39,0.96,5905760.1,0.25,33.62,5.42,3.42,6.53,16.81,16.32,-585.81,-37.99,-43.78,9.98,19.01,-6.67,-7.69,1.75,-4.14,-4.77,1.09,0.35,0.52,3.82,0.01,6.76,150097,7,3,5,0,0
26.43,9.98,0,2708193.4,45.38,23.61,3.73,287.47,0.87,7408899.4,0.24,-13.03,-62.56,-41.63,-51.27,1.91,1.89,-3040.11,-129,-70.26,-116.77,-143.79,-17.76,-9.67,-16.08,-10.29,-5.6,-9.31,0.12,0.2,14.37,0,3.4,149450.8,0,3,3,0,0
54.95,3.62,26,136815.89,46.62,14.7,5.12,133.82,0.58,38800.8,0.52,74.04,19.32,13.45,28.65,14.68,0,30.14,43.5,19.43,19.46,41.43,22.79,10.18,10.2,3.09,1.38,1.38,1.13,1.13,0.95,0.82,1365.28,4380.4,0,3,3,0,0
54.96,15.48,26,137824.31,48.68,14.18,4.62,149.55,0.5,50805.3,0.3,73.87,17.98,12.53,27.13,-3137.32,0,29.64,41.92,17.73,17.74,38.39,23.58,9.97,9.98,3.35,1.42,1.42,2.07,2.07,0.68,1.79,1504,23084.5,0,3,3,0,0
54.96,6.54,26,213695.58,64.27,16.65,5.62,190.33,0.47,60904,0.28,75.43,16.63,11.32,22.6,-3137.32,0,26.14,38.98,16.61,16.91,33.78,23.76,10.12,10.31,3.27,1.39,1.42,1.4,1.4,0.61,1.08,1220.88,5545.4,0,3,3,0,0
54.96,7.41,26,387902.95,112.06,17.33,11.19,173.52,0.42,85305,0.42,74.43,21.28,14.63,27.07,74.81,0,31.87,35.11,16.1,16.12,29.84,21.89,10.04,10.05,3.16,1.45,1.45,1.59,1.59,0.6,1.41,1969.8,5545.4,0,3,3,0,0
52.21,42.44,0,316814.2,101.14,15.69,10.72,148.03,0.4,107411.8,0.25,72.82,23.76,16.03,24.44,13.02,0,31.54,32.92,16.73,16.74,25.52,20.81,10.57,10.58,3.09,1.57,1.57,1.47,1.47,0.57,1.05,1514.05,23084.5,1,4,3,0,0
52.21,3.07,28.45,410327.86,114.59,17.93,8.67,236.9,0.4,107411.8,0.25,74.42,22,15.13,21.45,47.07,0,26.49,32.05,16.25,18.69,26.49,18.95,9.61,11.05,2.88,1.46,1.68,1.09,1.09,0.8,0.58,823.77,72.1,1,4,3,0,0
52.21,0,0,307898.16,108.1,14.26,5.28,292.14,0.39,99046.7,0.5,74.83,23.19,15.99,20.93,13.24,0,26.36,32.99,18.41,20.33,26.61,17.74,9.9,10.94,2.96,1.65,1.82,1.27,1.27,0.91,0.83,886.24,1833,1,4,3,0,0
39.92,0,2.46,453859.73,106.29,21.38,8.1,280.43,0.47,101125,0.27,76.96,25.88,17.18,21.81,16.04,0,28.3,34.35,18.97,21.27,27.01,18,9.94,11.14,3.07,1.69,1.9,1.84,1.84,0.91,1.32,1658.16,1833,1,4,4,0,0
34.64,0,15.21,527694.19,120.58,21.92,8.07,327.58,0.64,105391.1,0.13,76.8,26.67,17.78,22.38,13.02,0,29.34,31.55,17.99,19.37,24.38,17.5,9.98,10.75,3.07,1.75,1.89,2.15,2.15,0.73,1.66,1346.24,23084.5,1,4,4,0,0
34.64,0,0,587767.81,159.54,18.45,6.65,442.41,0.78,136055.1,0.28,77.08,26.25,17.32,21.89,54.74,0,29.19,30.39,17.04,18.26,23.09,15.45,8.66,9.28,3.07,1.72,1.85,1.98,1.98,1.17,1.45,1144.27,23084.5,1,4,4,0,0
51.42,32.63,51.42,452952.26,6.96,29.47,16.64,12.34,0.65,75319.4,-0.22,11.79,10.41,7.17,8.42,10.14,10.14,620.3,54.62,38.91,38.3,44.98,50.65,36.08,35.52,30.11,21.45,21.11,1.58,1.77,0.07,1.33,1.22,117317.5,3,3,4,0,0
52.11,0,52.11,498104.84,8.18,27.97,27.38,8.35,0.65,68921.9,-0.16,12.54,11.05,7.58,8.9,10.89,10.88,656.48,50.87,35.63,35.48,41.61,48.24,33.79,33.65,29.76,20.85,20.75,1.6,1.77,0.04,1.4,4.22,125188.3,3,3,4,0,0
52.06,10.65,52.06,519246.48,8.63,27.6,25.2,9.45,0.56,85202.8,0.14,14.05,12.31,8.86,10.32,12.06,12.08,674.25,50.88,37.82,37.77,44,49.35,36.68,36.63,30.91,22.98,22.95,1.64,1.8,0.02,1.53,6.34,141442.4,5,3,5,0,0
52.02,0,52.02,520768.63,9.19,25.98,20.16,11.84,0.47,95909.1,0.13,17.13,15.94,12.57,13.72,15.51,15.5,999.91,76.24,61.6,61.43,67.06,74.76,60.4,60.24,37.89,30.61,30.53,1.14,1.23,0.02,1.09,46.64,174103.7,6,3,4,0,0
52.55,39.87,52.55,614585.72,9.84,28.93,23.11,12.31,0.46,104019.1,0.03,13.17,11.19,8.97,10.86,12.2,12.22,830.62,76.48,62.91,60.05,72.67,56.85,46.76,44.63,25.48,20.96,20.01,0.82,0.91,0.73,0.79,1.38,211489.7,8,3,4,0,0
52.5,4.78,52.5,886003.97,11.36,36.08,18.74,21.88,0.46,104019.1,0.03,15.36,11.03,9.15,13.06,13.93,13.98,770.53,77.58,65.95,65.64,93.64,50.51,42.94,42.74,27.23,23.15,23.04,0.85,1.01,0.4,0.78,1.21,255450.3,8,3,4,0,0
52.48,0,52.48,1007928.34,13.85,33.66,15.45,30.16,0.37,111980.2,0.32,14,9.6,8.04,12.03,12.48,12.46,619.44,52.99,45.7,45.57,68.17,41.22,35.55,35.45,23.87,20.59,20.53,0.93,1.09,0.18,0.76,2.77,258659.6,8,3,4,0,0
67.25,0,67.25,1305511.62,16.13,37.42,39.85,15.15,0.3,132689.4,0.36,14.4,10.35,7.61,11.36,12.82,12.82,629.13,53.03,40.02,39.77,59.35,47.61,35.93,35.71,26.98,20.37,20.24,0.98,1.16,0.05,0.77,1.72,271935.3,8,3,4,0,0
67.23,0,67.23,1888488.47,16.97,51.43,50.71,17.21,0.41,139419.2,0.52,13.46,11.14,7.98,9.89,11.88,11.9,668.36,54.2,39.66,39.3,48.69,52.96,38.76,38.4,31.86,23.32,23.1,1.01,1.25,0,0.63,2.2,293332.5,8,3,4,0,0
67.21,0,67.21,1881543.2,18.98,45.81,29.96,29.02,0.42,142850,0.48,15.58,14.21,10.13,12.49,14.34,14.34,1043.67,57.28,41.44,41.11,50.69,57.28,41.44,41.11,36.48,26.39,26.18,1.44,1.67,0,1.04,1.79,307286.2,8,3,4,0,0
28.98,0,54.21,384658.59,54.92,27.68,7,217.07,0.61,534561.9,0.33,16.93,15.61,13.3,14.58,13.03,13.16,654.92,74.58,61.14,73.8,80.88,72.71,59.6,71.95,26.4,21.64,26.13,0.25,0.63,0.03,0.12,13.1,131897,1,1,0,0,0
25.61,14.03,26,677075.55,85.77,27.79,5.67,420.62,0.89,844741.9,0.22,16.19,15.1,12.48,13.2,13.6,13.75,863.79,102.39,82.98,92.54,97.85,98.57,79.89,89.09,29.54,23.94,26.7,0.37,0.79,0.06,0.26,5.65,148955.6,1,1,0,0,0
37.38,29.52,48.94,401421.36,80.24,17.59,3.06,461.85,0.97,1017088.2,0.23,14.94,13.63,11.08,12.02,12.99,13.25,1027.28,169.52,134.39,142.68,154.73,147.94,117.28,124.51,38.49,30.52,32.4,0.44,0.89,0.2,0.32,33.72,219491.7,1,1,0,0,0
25.56,0,50.26,778886.97,98.45,27.56,5.13,529.33,0.91,1166914.3,0.29,16.37,14.99,11.58,12.24,14.08,14.1,895.09,114.19,86.34,94.84,100.26,104.68,79.15,86.94,29.28,22.14,24.32,0.62,0.98,0,0.5,42.83,184623.4,1,1,0,0,0
25.52,39.87,0.12,1025207.11,24.1,29,5.92,118.05,0.91,1392919.3,0.29,15.04,13.87,10.9,12.15,12.83,13.02,942.62,105.23,81.06,87.99,98.09,105.23,81.06,87.99,27.59,21.25,23.07,0.59,1.06,0,0.42,32.71,206399.4,1,2,0,0,0
19.38,33.92,0,994887,26.67,25.26,4.95,136.22,0.91,1392919.3,0.29,15.86,14.71,11.39,12.32,14.47,14.39,1191.43,109.08,83.58,87.23,94.41,109.08,83.58,87.23,31.17,23.88,24.92,0.77,1.22,0,0.63,33.29,231806.2,0,2,0,0,0
0,0,0,1276896.25,29.87,27.64,5.01,164.74,0.96,1675693.8,0.27,18.45,17.41,13.29,14.09,14.65,14.67,702.63,139.95,102.49,122.76,130.18,139.95,102.49,122.76,37.68,27.6,33.05,0.6,0.98,0,0.46,31.14,272604.6,0,2,0,2,0
23.79,60.75,0,1379198.72,34.64,25.51,4.93,179.14,0.87,2255106.1,0.2,18.02,16.92,12.62,12.82,15.01,15.09,735.1,161.1,117.29,130.01,132.09,161.1,117.29,130.01,38.27,27.86,30.89,0.68,1.03,0,0.55,32.01,295270,0,2,0,0,0
0,18.78,0,2064822.32,37.76,34.73,6.67,196.67,1,2547372.2,0.25,19.05,18.07,12.68,13.41,15.88,15.88,867.41,157.1,104.9,123.28,130.4,157.1,104.9,123.28,40.42,26.99,31.72,0.71,1.05,0,0.59,33.43,326980.9,1,2,0,0,0
0,0,0,1746599.12,44.9,24.62,5.13,215.65,0.98,2898961.4,0.13,18.54,17.55,12.09,12.83,17.21,17.17,1054.14,119.5,82.11,82.71,87.77,119.5,82.11,82.71,42.35,29.1,29.31,1.02,1.44,0,0.78,36,334910,1,2,0,0,0
0,5.13,0,767022,33.68,25.33,3.13,272.5,0.77,2520587,0.15,96.29,33.29,26.55,26.8,-2944.11,-2944.11,33.34,39.14,31.13,31.35,31.64,3.44,2.74,2.76,3.29,2.62,2.64,0.15,0.15,10.3,0.11,2119.08,72.1,6,3,4,0,0
60.95,14.03,19.46,856880.64,35.99,21.4,1.84,417.64,0.97,4004171.1,0.1,96.99,37.9,27.36,27.57,-3137.32,-3137.32,38.13,38.71,27.84,27.84,28.06,4.71,3.39,3.39,4.51,3.25,3.25,0.11,0.11,5.79,0.06,1007.71,82.8,0,6,2,0,0
50.53,0,45.1,370267.16,30.08,11.06,0.75,444.94,1.32,3798495.8,-0.08,96.33,29.02,20.61,20.8,-3653.68,-3653.68,29.14,25.81,18.2,18.31,18.48,3.64,2.56,2.58,3.48,2.45,2.47,0.12,0.12,6.38,0.08,1484.34,108.8,3,4,1,0,0
19.46,0,0,1062113.13,33.79,28.2,2.06,463.01,1.37,3638668.3,-0.02,96.07,33.84,24.45,24.9,-4270.65,-4270.65,34.18,27.94,19.95,20.06,20.43,3.79,2.71,2.72,3.63,2.59,2.6,0.23,0.23,6.35,0.2,4044.32,104.6,2,3,4,0,0
15.09,10.65,0,1281634.71,42.94,25.91,2.33,478.31,1.41,4066780.9,0.12,95.68,37.14,26.96,27.33,-5718.22,-5718.22,37.47,30.31,21.88,21.86,22.15,4.01,2.9,2.89,3.83,2.76,2.76,0.12,0.16,6.73,0.11,4054.24,96.6,2,1,1,0,0
0,0,0,1022745.89,50.4,17.6,1.71,517.52,1.41,4066780.9,0.12,96.13,32.2,23.43,23.77,-6935.19,-6935.19,32.46,31.72,22.91,22.94,23.26,3.93,2.84,2.84,3.72,2.69,2.69,0.09,0.16,7.38,0.08,3142.18,96.9,1,2,1,0,0
25.55,0,0,1205896.65,68,15.37,1.82,575.84,1.49,4894963.2,-0.01,96.35,30.77,22.72,23.34,-7921.05,-7921.05,31.25,30.75,22.3,22.43,23.05,3.91,2.84,2.85,3.68,2.67,2.69,0.09,0.12,6.47,0.09,2646.74,97.4,0,2,0,0,0
25.52,0,0.1,1438286.47,82.19,15.15,1.96,633.97,1.42,5968823.1,0.12,96.23,30.37,22.22,22.75,-9961.15,-9961.15,30.47,28.35,20.59,20.77,21.26,3.77,2.73,2.76,3.54,2.57,2.59,0.08,0.09,6.58,0.08,2978.69,91.9,0,5,5,0,0
49.36,0,0,1827871.24,18.8,16.77,2.27,138.74,1.49,6487841.6,0.03,96.24,31,21.55,23.11,-8231.37,-8231.37,31.27,29.45,20.18,20.39,21.87,3.84,2.63,2.66,3.61,2.48,2.5,0.04,0.05,6.74,0.03,1810.14,125.6,2,3,0,0,0
0,25.79,0,1375483.47,16.14,14.65,1.58,149.48,1.49,7238561,-0.08,96.45,32.21,22.61,25.42,-4110.49,-4110.49,34.38,33.11,21.79,21.83,24.54,4.21,2.77,2.78,3.96,2.6,2.61,0.06,0.07,6.97,0.04,1718.45,265.1,16,3,4,0,0
49.47,10.65,0,565838.31,6.83,22.01,5.12,29.38,0.48,133384.8,0.25,79.48,12.18,10.38,21.34,7.12,0,18.97,24.35,12.91,13.41,27.56,6.79,3.6,3.74,1.89,1,1.04,2.26,2.26,2.93,1.7,2025.25,23084.5,20,3,0,0,0
52.21,13.19,16.72,777652.68,7.97,25.9,6.48,31.85,0.63,175686.4,0.23,81.32,12.46,10.25,19.14,-3137.32,0,19.04,21.72,11.33,11.76,21.95,6.72,3.51,3.64,2.06,1.07,1.12,2.3,2.3,1.87,1.62,1702.9,6404.8,6,4,1,0,0
40.02,0,0.12,697509.04,8.5,21.75,5.1,36.24,0.6,198077.3,0.29,84.08,12.79,9.4,21.01,14.83,0,20.75,16.97,6.98,7.83,17.5,5.91,2.43,2.72,2.09,0.86,0.96,2.61,2.61,1.88,1.6,1552.62,38140.1,3,3,1,0,0
49.36,0,0,1004753.22,10.59,24.85,7.17,36.69,0.49,233904.3,0.3,84.2,16.11,12.13,26.37,85.33,0,28.11,18.13,7.45,7.96,17.3,6.36,2.61,2.79,2.47,1.01,1.08,3.21,3.21,1.83,2.35,2420.44,71.3,7,3,1,0,0
60.4,7.55,22.39,1404086.28,6.46,28.07,8.83,20.55,0.5,258714,0.22,81.7,20.44,15.57,21.96,9.49,0,26.26,16.18,9.27,9.65,13.62,5.56,3.19,3.32,2.24,1.28,1.34,2.55,2.55,1.99,1.87,1880.5,5545.4,3,2,0,0,0
12.75,0.52,0,1773609.55,7.47,30.35,8.67,26.16,0.5,258714,0.22,82.32,21.24,15.6,20.03,56.6,0,23.64,16.88,11.06,11.2,14.38,5.34,3.5,3.54,2.18,1.43,1.44,2.04,2.04,2.32,1.09,1684.54,25134.5,2,1,1,0,0
63.68,0,28.45,2442456.61,9,34.33,10.08,30.67,0.47,294368.3,0.44,82.45,23.47,17.15,21.75,39.32,0,26.23,19.85,12.64,13.1,16.61,6.11,3.89,4.04,2.46,1.56,1.62,2.07,2.07,2.18,1.28,1677.39,1833,6,1,0,0,0
58.17,0,0,2807075.92,10.95,32.23,10.71,32.95,0.34,397095.8,0.47,82.18,25.58,17.97,24.27,169.82,0,29.72,23.02,13.57,14.02,18.95,7.32,4.31,4.46,2.84,1.67,1.73,2.18,2.18,2.11,1.25,1470.48,3901.2,5,4,1,0,0
58.6,0,16.72,2608650.83,12.01,27.1,8.5,38.28,0.49,447171.9,0.34,82.31,25.82,18.24,24.84,-2944.11,0,31.34,24.87,14.19,14.55,19.81,7.95,4.53,4.65,3.07,1.75,1.79,2.08,2.08,2.14,1.36,1343.29,1833,3,3,1,0,0
0,0.52,0,2639886.25,11.65,28.17,6.4,51.26,0.55,506256,0.24,82.51,17.8,14.19,27.15,15.04,0,34.03,27.63,11.22,11.62,22.23,8.99,3.65,3.78,3.38,1.37,1.42,2.35,2.35,2.01,1.69,1723,5545.4,19,3,0,0,0
28.45,15.31,28.45,13415.94,-2.47,22.5,1.27,33.1,0.87,176679.6,0.14,21.91,19.81,13.49,14.79,20.23,20.5,1570.57,39.89,27.22,27.86,30.53,39.24,26.77,27.41,27.15,18.53,18.96,0.44,1.3,0.02,0.26,20.6,195050.6,11,3,0,0,0
28.45,0,28.45,25168.88,1.05,75.31,2.27,34.7,1.39,233193.3,-0.11,23.06,20.79,14.1,16.04,20.63,20.68,1065.56,39.07,26.83,27.88,31.72,38.36,26.34,27.37,26.74,18.36,19.08,0.72,1.62,0.02,0.52,11.81,214673.8,20,4,0,0,0
25.63,18.78,25.63,11466.5,4.23,7.64,0.8,40.24,1.48,276762.1,-0.16,22.95,20.28,13.71,16.97,20.62,21.18,1322.92,36.26,24.97,25.45,31.48,35.72,24.6,25.06,24.99,17.21,17.54,0.77,1.74,0.01,0.56,19.8,232478.4,20,6,0,0,0
22.17,0,22.17,70044.08,8.82,19.34,3.23,52.76,1.5,354300.4,0.14,24.98,22.27,15.01,16.79,23.67,23.27,1364.48,42.43,29.21,29.34,32.82,41.99,28.91,29.04,27.26,18.77,18.85,0.78,1.35,0.01,0.64,19.57,263996.3,11,6,2,0,0
19.54,0,19.54,122824.56,12.46,21.17,3.21,82.11,1.5,456905.9,0.61,25.52,23.14,15.86,17.88,23.88,24.15,1272.64,48.61,33.45,33.35,37.59,48.28,33.22,33.13,29.58,20.35,20.3,0.76,1.41,0.01,0.65,33.94,308192.8,20,5,0,0,0
19.46,14.03,19.46,149977.21,16.13,19.89,3.4,94.24,1.5,456905.9,0.61,27.03,24.66,17.08,19.16,25.21,25.31,1082.73,51.36,35.64,35.58,39.93,51.09,35.44,35.39,32.23,22.36,22.33,0.91,1.56,0,0.79,37.98,352208.9,19,5,1,0,0
15.29,0,15.29,211658.34,10.66,37.97,2.91,139.28,1.44,576724.8,0.79,26.9,24.79,17.19,19.6,24.7,25.25,1111.23,52.18,36.26,36.21,41.28,51.97,36.12,36.07,33.47,23.26,23.23,1.02,1.68,0,0.88,45.54,421055.1,13,4,1,0,0
15.21,0,15.21,263353.78,26.79,18.71,3.05,164.54,1.43,871896.8,0.72,28.51,26.41,18.22,19.8,26.82,26.68,1150.58,52.23,35.96,36.39,39.54,52.08,35.85,36.28,34.12,23.49,23.77,1.11,1.77,0,0.9,41.5,470686.6,20,5,0,0,0
15.09,0,15.09,467239.81,33.91,26.02,4.56,193.66,1.31,1119884.9,0.48,28.98,26.95,18.5,20.96,26.34,26.67,878.35,49.18,33.83,33.88,38.39,49.08,33.76,33.81,33.19,22.83,22.86,1.34,2.03,0,1.16,72.86,503890.1,9,5,4,0,0
16.72,32.63,16.72,575708.78,38.31,25.26,3.32,291.02,1.31,1430679.6,0.39,28.87,26.81,17.32,19.35,26.41,26.51,816.08,40.19,26.05,25.94,28.98,40.13,26.02,25.9,30.47,19.75,19.66,2.25,3.66,0,1.91,60.97,519445.7,14,3,1,0,0
16.54,0,0,1149572.77,57.64,34.92,12.02,167.46,1.15,91240,-0.16,81.36,5.86,3.7,11.2,-9961.15,0,5.83,10.4,-0.51,6.99,21.15,4.41,-0.22,2.96,0.52,-0.03,0.35,4.32,4.34,1.36,3.46,3033.71,5545.4,0,1,2,0,0
16.52,0,0,818039.73,73.08,19.57,6.06,235.84,0.56,172610,0.1,83.35,5.24,3.44,8.88,74.81,0,7.06,13.93,3.08,6.93,17.86,5.39,1.19,2.68,0.69,0.15,0.34,3.41,3.41,1.79,2.54,2170.52,72.1,0,1,1,0,0
16.49,0.02,0,758484.26,99.7,13.28,4.26,310.9,0.49,212560,0.24,80.94,8.13,5.3,12.02,74.81,0,13.47,29.39,11.82,11.69,26.5,10.16,4.09,4.04,1.48,0.59,0.59,4.49,4.49,1.97,3.35,2391.39,1833,0,1,1,0,0
16.05,0,0.12,1500610.26,95.57,27.36,6.81,384.02,0.48,261660,0.23,78,16.18,10.63,17.2,0.12,0,21.88,39.84,20.15,19.49,31.53,12.62,6.38,6.18,2.29,1.16,1.12,3.09,3.09,2.28,2.45,2155.57,72.1,0,1,1,0,0
16.04,6.22,0,1858385.06,112.22,28.84,7.58,426.74,0.46,291130,0.28,77.92,20.43,13.41,18.76,85.33,0,23.33,32.8,19.37,19.28,26.96,11.95,7.05,7.02,2.44,1.44,1.43,4.1,4.11,1.44,3.37,2065.96,3901.2,0,1,2,0,0
16.04,3.15,0,1645140.24,129.58,22.11,5.45,526.13,0.46,291130,0.28,80.1,18.72,12.6,16.4,-7921.05,0,15.89,22.63,9.17,19.23,25.04,8.37,3.39,7.12,1.84,0.74,1.56,1.85,1.85,1.92,1.42,1506.34,5545.4,0,1,3,0,0
16.04,0,0.12,1659485.1,166.66,17.34,4.54,636.81,0.45,361650,0.16,79.84,18.89,12.71,16.64,18.22,0,21.83,30.45,17.68,17.78,23.26,12.08,7.02,7.06,2.78,1.62,1.62,1.72,1.72,1.28,1.39,1423.86,23084.5,0,1,3,0,0
15.94,0,0,1882834.25,177.19,18.5,4.47,733.03,0.49,532110,0.29,79.43,20.98,13.88,18.38,63.92,0,24.37,30.63,17.53,17.53,23.21,12.21,6.99,6.99,3.07,1.76,1.76,1.39,1.39,1.71,1.01,1131.12,5545.4,0,1,3,0,0
13.08,0,0,2545703.77,100.93,21.96,5.3,418.54,0.52,624510,0.17,77.7,22.01,14.57,19.94,27.62,0,25.63,33.34,19,18.98,25.97,11.61,6.62,6.61,3.18,1.81,1.81,1.28,1.28,2.01,0.73,1371.37,25134.5,0,1,3,0,0
12.75,0,0,2797563.75,54.27,22.44,4.58,265.93,0.5,733530,0.19,76.82,22.87,15.07,19.36,29.7,0,26.72,29.25,16.54,16.59,21.3,11.02,6.23,6.25,3.17,1.79,1.8,1.67,1.67,1.44,0.89,1005.46,23084.5,5,3,0,0,0
74.14,66.12,26,8201.34,11.91,17.57,0.56,84.69,1.31,69872.7,0.44,34.83,31.19,27.7,30.23,32.33,32.33,1141.06,45.87,40.51,41.88,45.72,45.87,40.51,41.88,37.43,33.06,34.18,4.73,4.73,0,3.07,219.16,131490,5,3,0,1,1
48.98,54.14,21.85,11466.5,-55.59,17.01,1.8,29.38,1.7,508506.6,-0.59,35.97,32.42,26.89,28.56,31.98,31.98,758.35,41.65,33.91,36.26,38.52,41.65,33.91,36.26,33.92,27.62,29.54,2.92,2.92,0,1.79,206.77,156480,5,3,0,1,1
28.98,54.14,0,34292.69,71.29,26.57,1.45,202.4,1.95,162263.9,0.63,37.09,31.76,27.09,28.72,34.49,34.49,794.5,43.36,36.49,37.18,39.42,43.36,36.49,37.18,35.23,29.65,30.22,4.47,4.47,0,2.95,232.87,202970,6,3,0,1,1
74.12,90.91,21.66,47070.78,10.59,21.17,3.78,8.75,1.39,48261.4,0.03,38.55,34.94,25.88,26.86,34.81,34.81,785.15,37.68,27.53,29.13,30.24,37.68,27.53,29.13,31.66,23.13,24.47,5.27,5.27,0,3.81,275.04,211400,7,3,0,2,1
83.16,54.14,56.21,80766.48,10.41,5.58,1.7,34.29,0.86,142254.4,0.44,36.05,33.25,24.28,26.55,33.16,33.16,772.24,37.9,27.69,27.69,30.27,37.9,27.69,27.69,31.91,23.31,23.31,4.87,4.88,0,3.47,310.95,253850,7,3,0,2,1
83.27,61.25,48.83,69932.8,8.65,5.82,1.23,41.06,2.03,142254.4,0.61,37.22,34.68,25.16,27.87,32.39,32.39,490.09,43.19,31.22,31.22,34.58,43.19,31.22,31.22,35.9,25.95,25.95,4.61,4.61,0,3.3,316.89,312540,7,3,0,3,1
83.27,67.3,54.21,54932.32,6.36,6.22,0.87,45.53,2.03,167745,0.15,34.37,31.62,23.34,25.77,30.28,30.28,540.87,37.6,27.72,27.7,30.59,37.6,27.72,27.7,31.12,22.94,22.92,4.75,4.76,0,3.34,280.9,367650,7,3,0,3,1
71.75,93.15,0,29445.39,2.15,9.84,0.49,43.59,1.73,203602.5,-0.58,32.99,29.87,21.72,24.24,29.09,29.09,553.69,36.13,26.04,26.09,29.11,36.13,26.04,26.09,29.24,21.07,21.11,3.46,3.81,0,2.37,235.66,443580,6,3,0,1,1
71.64,93.3,0,23264.64,2.56,6.55,0.37,45.74,1.91,195628,-0.73,35.63,33.12,23.75,26.12,30.36,30.36,504.34,36.62,25.71,26.98,29.67,36.62,25.71,26.98,28.54,20.04,21.03,2.82,3.12,0,1.86,264.12,473400,5,3,0,1,1
71.64,93.3,0,11667.04,-1.6,24.98,0.19,43.25,1.93,184670.9,-0.68,33.2,31.26,22.13,23.43,29.36,29.36,640.26,32.14,22.92,23.34,24.71,32.14,22.92,23.34,25.81,18.41,18.75,3.94,3.94,0,2.62,280.56,540340,7,3,0,3,1
28.01,93.55,54.21,13673.92,5.92,28.62,5.36,31.61,1.17,5603.2,0.71,13.39,64.44,0,51.59,11.9,0,-76372.13,53.8,38.75,28.48,14.26,52.96,40.66,36.63,22.01,18.77,15.16,1.96,2.35,14.37,1.79,691.98,3901.2,11,1,0,0,1
26.94,0,67.21,12960.84,8.92,17.9,3.8,42.03,1.18,9049.3,1.07,-106.49,-1466.23,-1476.62,-116.88,-3653.68,0,-1466.23,-84.82,70.81,-137.5,130.4,-20.62,9.16,-16.08,0.68,16.56,1.89,0.02,0.59,0.21,0.02,290.91,23084.5,11,1,0,0,1
26.83,24.81,52.48,4434.78,9.76,5.56,1.06,51.02,1.39,12485.2,0.34,58.3,53.03,46.59,49.03,56.96,56.96,1694.2,27.61,24.26,24.26,25.53,13.75,12.08,12.08,11.48,10.08,10.08,0.4,1.5,1.62,0.38,275.77,5545.4,11,1,0,0,1
26.81,80.82,0,13321.62,11.13,14.59,2.65,61.31,1.45,15293.3,0.33,92.68,88.66,73.59,76.03,92.43,92.43,2692.34,36.59,30.37,30.38,31.39,10.73,8.9,8.91,8.82,7.32,7.33,0.96,1.91,2.91,0.89,10064.6,6404.8,12,1,0,0,1
27.6,65.36,0,6652.22,13.53,5.99,1.11,73.22,1.44,18078.6,-0.16,65.2,64.44,51.28,51.59,65.33,65.33,10745.61,53.8,43,42.67,42.92,19.27,15.4,15.28,15.13,12.09,12,0.92,1.98,1.33,0.58,687.87,27767.1,12,1,0,0,1
27.74,79.71,22.8,3198.12,11.83,3.29,0.48,80.69,1.44,18078.6,-0.16,52.68,50.59,40.55,40.22,52.3,52.3,15317.29,30.26,24.25,24.47,24.28,13.3,10.66,10.76,10.29,8.24,8.32,0.41,1.48,1.23,0.12,123.21,31556.6,12,2,1,0,1
27.79,77.2,0,2221.02,8.04,3.36,0.31,85.93,1.45,24594.9,-0.54,45.42,26.37,21.09,21.54,45.12,45.12,5172.37,14.5,11.61,11.62,11.86,6.38,5.11,5.11,4.8,3.84,3.84,0.43,1.45,1.31,0.04,47.15,32743.4,15,2,1,0,1
27.11,79.59,0.09,2649.22,4.1,7.85,0.35,91.55,1.8,42059.6,-0.44,29.21,1.67,-1.37,2.31,39.32,39.32,3710.54,6.5,4.89,-0.75,1.26,2.76,2.08,-0.32,2,1.51,-0.23,0.46,1.56,1.39,0.06,68.63,33186.9,17,2,1,0,1
23.79,70.79,0,2814.86,-24.56,16.39,0.47,54.74,1.95,51302.5,-0.78,48.26,13.16,10.9,14.03,54.74,48.1,10574.5,6.82,5.72,5.72,7.37,2.84,2.39,2.39,2.12,1.78,1.78,0.39,1.4,1.4,0.01,25.24,32478.4,17,2,2,0,1
23.79,85.41,0,1193.85,-45.84,34.73,1.24,8.78,2.25,59790.2,-0.71,34.05,-16.2,-12.71,-14.99,47.07,38.66,-18909.25,-5.29,-3.6,-5.78,-6.81,-2.14,-1.45,-2.33,-1.72,-1.17,-1.88,0.45,1.99,1.56,0.01,6.16,27997.9,17,2,2,0,1
55.59,0,67.25,156440.59,4.25,112.9,10.97,43.74,1,101777.9,0.81,14.06,8.48,5.32,6.08,14.68,14.05,10751.81,45.19,27.95,27.62,31.6,24.95,15.43,15.25,13.93,8.62,8.51,0.83,0.96,0.58,0.02,3.8,10249.8,7,0,0,0,0
52.55,13.19,52.55,216644.11,8.49,74.02,6.03,104.26,1.19,283153,0.41,13.05,8.26,4.84,5.4,13.24,13.28,7911.84,39.24,23.63,22.14,24.67,24.12,14.52,13.61,14.81,8.92,8.36,0.84,0.94,0.66,0.02,4.11,13991.5,10,1,0,0,0
52.39,0.03,56.21,97807,7.3,38.77,2.5,112.98,1.49,287118.6,0.35,13.56,7.24,4.57,5.1,13.01,13.19,1719.32,33.47,21.12,21.12,23.59,19.69,12.43,12.42,11.75,7.42,7.42,0.78,0.93,0.73,0.03,7.14,17385.1,14,1,0,1,0
48.23,0.03,48.83,260775.37,15.66,47.83,5.74,130.4,1.5,374363.2,0.26,13.1,6.89,4.37,5.66,12.42,12.36,806.06,31.3,19.88,19.82,25.64,18.16,11.54,11.5,10.35,6.58,6.56,0.89,1.11,0.72,0.04,8.44,20633.3,16,4,0,1,0
45.57,0.03,22.17,336639.75,10.81,42.25,4.93,92.74,1.5,508506.6,0.32,13.29,6.77,4.49,5.47,12.93,12.94,1680.34,30.35,20.12,20.09,24.47,17.26,11.44,11.43,10.04,6.66,6.65,1.26,1.6,0.79,0.03,5.09,24608.2,17,5,0,1,0
45.32,42.44,0,401787.02,13.45,40.33,5.27,102.92,1.5,508506.6,0.32,12.86,4.34,2.72,3.33,12.7,13,1178.37,20.32,13.52,11.42,13.98,10.18,6.77,5.73,6.03,4.01,3.39,1.09,1.31,1.18,0.03,6.24,26478.1,17,5,0,1,0
44.96,0,4.35,486188.36,16.21,40.18,5.46,119.35,1.56,656667.9,0.27,12.44,3.43,2.27,3.33,12.04,12.02,811.58,15.18,9.26,9.36,13.75,6.63,4.05,4.09,3.98,2.43,2.45,1.05,1.21,1.39,0.02,4.77,28421.9,17,5,0,1,0
43.58,0,15.09,599301.96,18.91,41.14,4.88,159.46,1.23,876276.6,0.31,10.89,1.51,0.94,1.61,9.14,9.77,135.93,8.15,4.58,4.39,7.5,3.22,1.81,1.73,1.71,0.96,0.92,0.93,1.11,1.67,0.03,9.75,33826.8,17,5,0,1,0
40.02,0,15.21,1014214.9,22.24,59.05,7.17,183.13,1.05,1060760.7,0.35,6.98,-9.39,-9.39,-7.69,4.83,4.61,-354.28,-37.59,-39.77,-39.84,-32.65,-9.65,-10.2,-10.22,-5.45,-5.76,-5.77,1.18,1.33,4.44,0.02,9.47,27978.9,17,5,0,1,0
33.7,93.55,0,1249214.25,10.76,63.29,5.21,130.63,1.03,1923857.5,0.32,5.62,-19.48,-19.5,-17.45,3.19,3.16,-714.87,-137.81,-144.32,-144.69,-129.46,-11.68,-12.23,-12.26,-8.63,-9.04,-9.06,0.87,0.94,50.46,0.01,5.41,25134.5,17,5,0,1,0
75,25.79,50.26,35211.01,2.35,67.44,2.64,60.05,1.19,3314.9,0.47,64.4,11.85,8.24,18.06,53.36,0,17.15,22.75,11.15,11.19,24.52,5.69,2.79,2.8,1.91,0.94,0.94,0.52,0.52,3.44,0.35,738.08,5545.4,8,2,0,0,1
73.68,0,48.94,86443.19,8.94,43.46,5.42,71.76,0.63,45156,0.24,67.47,12.68,9.37,17.34,85.33,0,19.66,22.97,11.14,11.19,20.7,7.15,3.47,3.48,2.5,1.21,1.22,0.85,0.85,1.64,0.55,730.13,6404.8,0,1,2,0,1
73.58,62.51,48.83,32387.01,11.91,12.23,1.74,83.83,2.03,62057.5,0.69,67.8,11.71,7.59,15.15,-9961.15,0,16.74,15.75,6.73,7.36,14.71,5.87,2.51,2.74,2.07,0.88,0.97,0.84,0.84,1.72,0.38,339.67,1833,1,2,0,0,1
67.95,29.52,45.1,125928.2,2.02,25.89,3.98,13.14,1.98,93178.5,0.55,70.95,21.02,14.22,27.51,74.81,0,31.88,29.21,12.91,13.34,25.79,11.57,5.11,5.28,3.73,1.65,1.7,0.86,0.86,1.35,0.56,682.54,3901.2,3,2,0,0,1
67.98,24.81,42.27,95469.47,1.17,33.77,2.77,14.29,1.94,157995.7,0.28,70.1,23.54,16.22,20,29.02,0,24.31,21.19,14.01,14.39,17.74,8.24,5.45,5.6,2.73,1.8,1.85,0.69,0.69,1.72,0.45,562.59,72.1,3,2,0,0,1
72.22,60.03,26,43822.05,0.58,31.15,1.23,14.81,1.94,157995.7,0.28,75.47,22.12,15,17.93,8.67,0,22.45,21.72,14.63,14.65,17.51,7.46,5.02,5.03,2.76,1.86,1.86,0.97,0.97,2.08,0.58,511.29,23084.5,7,1,0,3,1
70.78,66.12,28.45,25017.09,-0.49,13.37,0.72,14.4,2.03,196903.7,0.23,77.01,21.25,14.66,18.07,39.32,0,22.79,24.04,15.59,15.6,19.23,7.7,4.99,5,2.81,1.82,1.82,1.06,1.06,2.16,0.69,596.4,5545.4,19,3,0,3,1
70.16,77.45,0.12,17167.65,-3.93,17.59,0.64,11.11,2.11,192660.5,-0.64,76.25,22.19,14.67,17.81,54.74,0,22.58,20.98,13.4,13.82,16.77,8.29,5.29,5.46,2.66,1.7,1.75,1.42,1.42,1.05,1.09,842.79,4380.4,19,2,0,7,1
68.06,93.55,0.11,13395.34,-2.93,18.77,0.66,8.25,2.58,205758.2,-0.97,73.92,23.66,15.58,20.55,8.67,0,24.8,21.99,13,14.12,18.62,11.29,6.67,7.25,3,1.77,1.93,1.48,1.48,0.86,0.94,691.98,16881.1,3,3,0,2,1
70.54,80.82,0,13664.15,-1.99,669.97,0.86,5.76,2.5,189984.9,-0.67,72.45,16.38,10.96,16.55,-73579.52,-73579.52,19.67,19.48,10.36,10.97,16.56,10.42,5.54,5.87,2.49,1.32,1.4,1.99,1.99,0.88,1.05,717.43,71.3,0,0,0,0,0
89.5,3.62,52.11,458657.83,39.93,40.55,8.51,190.3,0.88,134225.4,0.33,23.08,18.22,13.2,15.34,18.96,19.65,441.51,13.97,9.98,9.96,11.57,12.2,8.72,8.7,7.56,5.41,5.39,0.64,0.69,0.12,0.43,217.37,5296.3,6,3,0,0,0
52.21,6.21,56.21,884231.89,69.74,43.38,9.28,325.98,1.09,274326.9,0.47,21.4,18.53,12.48,13.66,19.29,19.94,1153.62,19.73,13.38,13.47,14.74,15.92,10.8,10.87,8.51,5.77,5.81,0.43,0.49,0.35,0.19,117.47,15741.5,2,0,0,0,0
65.37,0,56.21,393962.94,42.09,15.98,3.17,212.32,1.13,376771.6,0.28,14.17,9.8,6.46,7.47,13.01,13.9,3578.32,23.12,15.33,15.33,17.72,14.93,9.9,9.9,7.45,4.94,4.94,0.43,0.55,0.72,0.03,8.35,40824.2,2,3,0,0,0
52.55,7.36,19.46,979380.5,72.58,22.41,5.36,303.28,1.19,483715.5,0.36,15.59,11.46,7.76,8.53,10.37,10.24,453.47,17.66,19.37,19.37,21.3,9.75,10.69,10.69,5.71,6.27,6.27,0.81,0.93,0.86,0.19,25.44,58911.8,2,2,0,0,0
46.53,0,54.21,1006584.78,61.18,27.02,4.61,358.45,1.21,594625.4,0.23,13.57,6.84,4.54,5.58,8.36,8.85,208.25,6.07,8.57,8.43,10.36,3.05,4.31,4.24,1.59,2.25,2.22,0.48,0.81,1.1,0.05,20.84,58091.1,5,2,0,0,0
75,0.35,50.26,800313.5,66.87,19.54,3.29,397.79,1.21,594625.4,0.23,9.67,1.19,1.3,2.32,8.82,9.02,221.19,2.18,3.41,3.29,5.88,1.02,1.59,1.54,0.43,0.68,0.65,0.33,0.85,1.17,0.01,5.44,88387.2,11,3,0,0,0
39.32,0.06,52.48,839940.33,80.66,16.92,2.97,460.28,1.24,705601.1,0.12,16.04,0.22,0.28,2.96,13.72,14.71,-8.6,-0.13,0.64,0.37,3.95,-0.06,0.28,0.16,-0.02,0.12,0.07,0.37,0.88,1.33,0.07,4.14,47420.1,6,1,0,0,0
25.58,0,15.11,1179635.39,56.58,22.49,3.51,362.95,1.4,809644.8,0.07,-2.96,-40.86,-40.86,-34.51,-6.93,-7.4,-1016.43,-29.55,-29.99,-30.45,-25.71,-11.02,-11.18,-11.35,-4.76,-4.83,-4.9,0.27,0.91,2.16,0.02,17.07,22374.2,15,3,0,0,0
42.4,10.65,54.21,1597917.18,54.05,31.81,4.31,398.78,1.46,895969.6,0,15.63,-39.93,-39.93,-35.94,0.12,0.12,-359.99,-30.45,-30.7,-28.58,-25.73,-8.26,-8.33,-7.75,-3.6,-3.62,-3.37,0.39,0.79,3.38,0.18,81.11,13950.9,8,0,0,0,0
0,0.98,0,1132864.57,47.49,25.61,2.7,449.89,1.42,1019391.1,-0.05,20.85,-15.35,-15.35,-11.22,13.02,12.69,-315.51,-30.13,-30.72,-25.38,-18.55,-5.78,-5.89,-4.87,-2.72,-2.77,-2.29,0.46,0.72,5.31,0.01,11.74,26718,2,2,2,0,0
22.9,7.55,5.14,191426.39,41.45,18.82,4.93,158.13,0.93,59613.3,0.48,13.6,10.79,7.55,8.84,10.64,10.71,613.85,37.19,25.09,27.18,31.82,27.71,18.7,20.25,12.4,8.36,9.06,0.74,1.05,0.36,0.14,24.57,179713.1,6,1,1,0,0
22.62,22.72,5.1,170950.29,33.23,20.93,3.94,176.78,0.88,104277.1,0.43,14.52,12.21,8.34,9.56,11.68,12.02,601.36,41.77,26.72,28.49,32.63,30.46,19.49,20.78,14.16,9.06,9.66,0.9,1.2,0.38,0.37,14.96,253103.1,6,1,1,0,0
29.2,21.65,4.35,106844.31,28.08,13.65,2.03,188.51,1.08,143770.8,0.1,16.83,12.78,9.55,11.48,12.68,12.72,627.89,36.72,22.45,31.71,38.12,25.12,15.36,21.69,12.4,7.58,10.7,0.93,1.25,0.53,0.31,23.98,343566,6,1,1,0,0
26.34,10.65,2.46,315362.48,36.45,14.96,4.03,135.22,1.09,161762.4,0.29,18.2,14.87,11.04,12.46,13.83,13.68,314.7,38.29,28.45,28.48,32.15,26.69,19.83,19.85,13.68,10.16,10.17,0.97,1.31,0.37,0.4,15.93,373837.9,6,1,1,0,0
24.9,7.41,0.12,428898.56,42.62,16.39,4.16,168.02,1.1,198109.7,0.25,17.16,12.65,8.61,11.09,13.97,14.13,465.71,29.59,18.58,19.74,25.43,21.95,13.78,14.64,11.01,6.91,7.34,1.12,1.24,0.33,0.29,16.32,442291.5,6,1,1,0,0
25.26,7.63,0.12,427879.07,41.79,16.68,3.47,200.66,1.1,198109.7,0.25,15.47,11.39,8.04,9.92,12.48,12.61,410.75,27.07,18.85,18.96,23.37,19.86,13.83,13.91,9.79,6.82,6.86,1.09,1.22,0.39,0.22,50.5,535572,6,1,1,0,0
25.18,8.18,0.12,528729.53,51.91,16.59,3.63,237.3,1.1,240519.2,0.24,13.7,10.04,7.64,8.95,10.56,10.78,270.25,19.64,14.84,18.1,21.2,14.6,11.03,13.46,7.31,5.53,6.74,1.19,1.35,0.3,0.19,11.32,520268.7,6,1,1,0,0
25.29,8.11,0.11,603974.87,60.98,16.08,3.6,272.66,0.97,316412.7,0.43,16.05,12.11,9.15,10.46,11.6,11.6,278.41,21.86,16.74,17.54,20.05,16.51,12.65,13.25,8.78,6.72,7.04,1.13,1.27,0.34,0.15,12.74,570066.4,6,1,1,0,0
25.65,6.21,0.1,737329.82,48.56,24.45,3.83,310.08,0.9,333078.3,0.23,15.86,11.09,8.37,10.3,11.38,11.43,252.7,18.05,14.24,14.33,17.63,13.41,10.58,10.65,7.48,5.9,5.93,1.2,1.34,0.35,0.16,11.16,573893.6,6,1,1,0,0
26.94,5.1,0.1,751304.4,51.6,23.44,3.35,361.25,0.89,365376.3,0.18,14.58,9.29,7.45,9.61,10.45,10.44,303.79,14.58,11.21,12.67,16.36,10.86,8.35,9.44,6.01,4.62,5.23,1.2,1.36,0.34,0.17,22.86,638720.2,7,1,1,0,0
64.48,42.44,54.21,236819.58,51.36,15.96,3.61,227.27,1.22,77277,0.2,14.07,12.04,9.07,10.7,9.92,9.92,339.55,39.12,33.14,33.39,39.4,28.07,23.78,23.96,17.95,15.21,15.33,0.91,1.25,0.46,0.57,49.37,112384.9,5,1,0,0,0
54.21,3.62,54.21,239665.34,57.29,14.48,2.85,291.28,0.94,161497,0.11,12.83,10.42,8.17,9.94,9.46,9.57,611.6,28.01,20.82,28.12,34.23,18.21,13.53,18.28,11.94,8.87,11.98,0.71,1.01,0.6,0.39,31.05,130147.7,12,3,0,0,0
54.21,0,54.21,223934.19,39.13,19.81,2.4,323.45,0.84,178672,0.07,9.93,6.9,5.57,8.62,7.43,7.35,303.04,20.39,16.37,17.59,27.21,12.03,9.66,10.38,7.88,6.32,6.79,0.68,0.87,0.77,0.43,40.6,146681.3,3,0,0,0,0
54.21,5.11,54.21,409139.98,84.95,16.67,3.46,409.64,0.75,216288,0.27,16.46,13.68,10.03,12.1,14.82,14.84,788.09,43.86,32.31,31.99,38.6,28.64,21.1,20.89,18.76,13.82,13.68,0.85,1.08,0.37,0.51,35.23,203961.2,2,0,0,0,0
54.21,0,54.21,365052.31,77.59,16.29,2.63,479.99,0.71,246588,0.09,15.34,13.47,10.19,12.04,13.27,13.37,755.38,37.23,28.89,29.39,34.74,28.82,22.36,22.75,18.76,14.55,14.8,0.51,0.85,0.23,0.22,9.77,255381.4,3,0,1,0,0
54.21,9.98,54.21,389768.56,55.66,24.24,2.62,514.44,0.71,246588,0.09,12.43,10.32,8.24,9.9,10.72,10.91,980.66,29.91,24.36,25.71,30.91,23.6,19.22,20.29,15.28,12.44,13.13,0.64,1.03,0.3,0.3,13.69,343481.8,15,2,1,0,0
56.21,0,56.21,369718.2,57.79,22.15,2.26,565.57,0.69,287871,0.2,12.14,10.09,7.61,9.56,10.79,10.81,820.13,32.3,24.9,25.08,31.5,25.55,19.69,19.83,16.68,12.86,12.95,0.72,1.08,0.24,0.37,16.22,434126.5,7,0,0,0,0
56.21,0,56.21,595520.63,88.73,22.22,2.84,694.45,0.79,386163,0.19,11.96,9.96,8.56,9.45,10.32,10.39,652.65,27.09,23.9,23.92,26.4,21.85,19.28,19.29,14.34,12.65,12.66,0.87,1.26,0.24,0.52,26.94,431201.8,2,1,1,0,0
56.21,0,56.21,1117469.66,123.08,30.06,4.71,784.7,0.99,426831,0.26,12.23,9.97,7.95,9.7,9.72,9.65,493.4,20.73,16.74,18.45,22.51,17.05,13.77,15.18,11.5,9.29,10.24,0.78,1.11,0.19,0.43,19.76,406325.2,1,0,0,0,0
56.21,0,56.21,1123465.95,176.83,21.03,3.82,974.24,0.95,425668,0.37,11.95,9.61,7.19,9.42,9.55,9.61,492.3,18.85,15.38,15.38,20.15,16.25,13.27,13.27,11.24,9.18,9.18,0.79,1.14,0.13,0.47,20.55,434019.3,0,0,5,0,0
54.92,25.34,52.02,8201.34,34.33,6.96,1.49,160.07,1.9,13997.7,0.49,14.73,12.65,8.72,10.78,12.71,12.54,718.01,35.31,24.85,25.38,31.38,33.16,23.34,23.84,23.38,16.45,16.81,0.91,1.13,0.09,0.46,33.27,174580,6,0,0,0,1
39.29,5.13,67.25,23333.79,34.76,13.99,2.19,222.5,1.07,24777.9,0.85,14.59,11.36,7.88,10.46,11.52,11.7,535.11,29.89,21.68,22.67,30.07,26.59,19.29,20.17,16.89,12.25,12.82,1.4,1.55,0.15,0.75,6.23,212212,6,0,0,0,1
39.32,39.87,48.83,7416.72,44.68,3.46,0.58,268.21,1.01,29592.3,0.3,10.79,6.9,5.01,7.74,7.65,7.54,253.14,15.35,12.73,13.72,21.17,13.79,11.44,12.33,8.02,6.65,7.17,1.29,1.4,0.08,0.61,31.56,234337,6,0,0,0,1
44.31,18.78,58.48,22327.24,51.81,8.25,1.36,314.58,1.04,35582.7,0.19,13.49,10.84,7.54,9.79,11.06,11.12,642.06,30.3,23.18,23.58,30.62,28.12,21.51,21.89,16.25,12.43,12.65,1.41,1.54,0.08,0.75,1.21,322336,6,0,0,0,1
49.42,0,52.06,32866.97,43.81,11.66,1.57,324.86,0.94,51804.8,0.27,10.29,7.48,5.51,8.24,8.11,8.13,598,21.12,17.44,17.81,26.64,20.09,16.59,16.94,11.73,9.69,9.89,1.35,1.5,0.03,0.64,23.77,405864,5,0,0,0,1
49.44,32.63,45.1,29910.65,46.09,10.09,1.29,359.55,0.94,51804.8,0.27,9.06,5.29,4.03,7.19,6.28,6.3,260.8,12.35,10.41,11.26,20.09,11.63,9.8,10.6,6.72,5.66,6.12,1.15,1.31,0.09,0.56,23.23,393624,4,0,0,0,1
49.91,0,67.25,14534.01,40.77,5.59,0.57,398.41,0.94,69116.8,0.34,10.88,5.97,4.77,8.66,8.94,8.94,389.92,17.35,14,14.17,25.72,16.01,12.92,13.08,9.34,7.54,7.63,1.09,1.24,0.08,0.43,12.67,490173,5,0,0,0,1
48.59,0,67.23,5861.78,10.13,8.79,0.22,404.8,0.93,107678.9,-0.29,12.81,7.33,5.57,10.22,10.8,10.79,486.05,17.33,13.55,14.07,25.8,15.99,12.5,12.98,9.45,7.39,7.67,1.19,1.31,0.09,0.59,5.01,487843,6,0,0,0,1
48.59,0,67.21,3297.87,-120.88,13.65,0.18,279.93,1.16,115021.7,-0.8,13.8,8.47,6.6,10.92,11.9,12.01,562.82,20.95,16.64,16.61,27.49,19.86,15.77,15.75,11.51,9.15,9.13,0.74,0.91,0.02,0.17,0.13,549115,6,0,0,0,1
25.27,54.14,0,4467.09,-84.91,14.26,0.7,31.73,1.5,108871.1,-1.16,16.19,11.17,8.05,12.75,14.23,14.23,554.68,28.66,20.11,20.19,31.98,28.2,19.78,19.87,17.96,12.6,12.65,0.31,0.6,0.01,0.1,0.24,649646,6,0,0,0,1
89.5,0,52.02,1234758.29,8.66,17.29,2.44,61.28,0.43,760702,0.44,28.56,21.04,17.08,22.86,22.93,23.63,330.62,33.65,27.49,27.48,36.78,11.58,9.46,9.46,10.5,8.58,8.57,1.97,2.59,1.76,1.66,177.16,7383,16,2,0,0,0
89.5,0,48.94,1624356.49,9.78,20.15,3.09,63.84,0.8,967352,0.12,21.91,16.08,12.15,17.45,18.47,19.1,463.16,26.49,20.1,20.02,28.76,11.69,8.87,8.83,10.41,7.9,7.87,1.29,1.83,1.01,0.97,121.74,13194.4,15,2,0,0,0
89.5,21.51,51.42,1485832.68,8.09,22.27,2.48,72.66,0.71,1114528,0.27,24.14,15.41,12.28,17.41,22.63,22.04,624.71,23.42,18.69,18.84,26.71,11.38,9.09,9.16,10.03,8,8.07,0.77,1.11,1.1,0.5,64.08,17107.3,15,2,0,0,0
84.5,9.98,0,1706811.13,9.9,20.9,2.73,75.72,0.69,1247013.5,0.14,30.95,20.61,16.83,22.83,30.11,29.68,1112.85,23.08,18.94,18.83,25.54,11.62,9.54,9.48,10.28,8.44,8.39,0.58,0.92,0.9,0.31,22.85,15673.8,15,2,0,0,0
84.5,0,56.21,1591374.63,8.52,22.64,2.34,82.34,0.69,1392843.2,0.05,27.76,20.93,16.31,21.03,25.94,26.61,1329.18,19.27,15.06,15.02,19.37,9.12,7.13,7.11,8.27,6.47,6.45,0.7,1.27,1.28,0.53,190.49,16959.6,16,2,0,0,0
84.5,19.74,54.21,1341537.06,9.28,17.53,1.8,90.38,0.69,1392843.2,0.05,25.56,17.78,13.6,17.67,22.56,23.29,653.89,16.7,12.84,12.98,16.87,6.62,5.09,5.15,6.15,4.73,4.78,0.69,1.32,1.74,0.55,205.15,20611.5,16,2,0,0,0
75,0,54.21,1170855.94,12.11,11.73,1.27,111.7,0.72,1503259.6,0,24.5,15.09,11.16,16,22.05,22.05,481.74,13.67,10.11,10.13,14.53,4.48,3.31,3.32,4.15,3.07,3.07,0.36,0.79,2.34,0.25,139.22,21721.1,15,2,0,0,0
75,0,42.27,989043.45,10.01,11.99,1.15,104.08,0.77,1920057.6,-0.3,18.44,3.72,2.55,8.25,14.22,15.79,122.13,3.26,2.54,2.54,8.21,0.93,0.73,0.73,0.85,0.66,0.66,0.15,0.8,2.64,0.03,21.44,25294.9,14,3,0,0,0
74.96,0,21.66,1214969.18,8.89,16.57,1.49,99.03,0.97,2108824.5,-0.2,-1.02,-28.18,-22.69,-19.97,-3.08,-3.1,-1551.66,-43.91,-35.31,-35.31,-31.09,-10.05,-8.08,-8.08,-8.89,-7.15,-7.15,0.09,0.52,4.43,0.02,24.57,34373.3,19,6,0,0,0
69.96,0,0,1062015.81,10.1,12.75,1.16,110.74,0.95,2316166.8,-0.16,-12.33,-81.05,-81.05,-58.95,-17.62,-16.17,-2651.23,-129.56,-137.5,-137.5,-100.01,-17.34,-18.4,-18.4,-14.32,-15.2,-15.2,0.07,0.44,12.38,0.01,24.23,20268,19,6,0,0,0
74.14,0.51,15.59,1878250.91,72.03,12.19,2.81,312.88,0.99,1146358.9,0.44,32.97,23.87,19.15,25.17,28.28,28.28,331.91,18.54,15.04,14.61,19.19,12.57,10.19,9.9,10.73,8.7,8.45,1.78,1.99,0.5,1.07,188.32,328089,1,0,0,0,0
74.14,1.13,19.46,2098982.56,74.5,13.17,2.97,330.16,1.1,1279424.2,-0.09,32.93,24.36,18.25,24.48,29.27,29.27,350.13,20.55,15.92,14.65,19.65,13.6,10.54,9.7,11.36,8.8,8.1,1.76,1.94,0.52,0.99,189.84,372481,1,0,0,0,0
74.14,0,42.27,1667678.91,70.97,10.99,2.12,368.12,0.86,1530395.3,0.07,30.77,22.61,17.24,19.19,23.39,23.39,288.78,16.21,11.86,14.57,16.22,10.47,7.65,9.41,8.77,6.41,7.88,2.05,2.27,0.58,1.12,170.72,419728,1,0,0,0,0
74.14,8.11,22.17,2349551.47,77.23,14.22,2.69,408.08,0.9,1688947.7,0.02,30.64,22.77,17.42,22.22,25.54,25.54,402.55,17.36,13.35,14.27,18.2,10.91,8.39,8.96,8.99,6.92,7.39,1.56,1.71,0.61,0.74,139.95,466109,1,0,0,0,0
74.14,5.49,15.21,2481947.68,21.61,13.42,2.55,113.97,0.86,1848476,0.06,29.32,19.79,15.35,20.71,23.52,23.52,470.85,16.94,10.79,13.97,18.85,10.45,6.65,8.62,8.36,5.33,6.9,1.85,2.06,0.64,0.85,132.95,543737.1,1,0,0,0,0
69.23,0,0,2286882.51,22.22,12.03,1.77,151.41,0.86,1848476,0.06,26.26,18.92,14,17.41,20.65,20.65,345.91,15.63,11.15,13.07,16.25,9.4,6.71,7.86,7.62,5.44,6.37,1.91,2.18,0.69,1.03,113.74,611154.3,1,0,0,0,0
69.23,0,16.72,2665462.95,26.08,11.95,2.04,152.53,0.81,2113778.5,0.09,31.62,23.39,17.63,21.6,23.25,23.25,360.82,16.58,11.2,16.42,20.12,9.72,6.56,9.63,7.8,5.27,7.73,1.54,1.76,0.72,0.82,117.04,637858.6,1,0,0,0,0
68.94,0,0,2726634.7,23.56,13.53,1.99,159.81,0.99,2371976.9,0,27.88,18.94,14.49,19.51,22.29,22.29,469.45,13.86,9.93,13.21,17.78,7.9,5.66,7.53,6.25,4.48,5.96,1.24,1.53,0.78,0.67,94.46,703096.7,1,0,0,0,0
68.94,0,0.12,2624824.37,19.41,15.8,1.82,169.02,0.98,2375973.1,0,26.08,15.96,13.15,16.73,20.44,20.44,402.23,11.37,8.76,12.32,15.68,5.93,4.57,6.43,4.73,3.64,5.12,0.9,1.18,1.06,0.48,74.52,727926.6,1,0,0,0,0
68.93,35.06,0,1837291.5,18.88,11.37,1.19,180.84,1.12,2593253.9,-0.14,29.75,17.45,14.42,18.98,25.76,25.76,868.1,12.06,9.63,12.55,16.52,5.9,4.71,6.13,4.71,3.76,4.9,0.6,0.86,1.03,0.14,27.92,710981.3,1,0,0,0,0
50.02,0,0.1,486188.36,4.25,17.6,0.99,114.1,1.05,112451.4,-0.08,54.94,37.12,24.53,42.37,53.55,53.54,1343.53,47.33,26.24,27.2,46.99,47.13,26.13,27.09,21.69,12.02,12.47,0.95,1,0.01,0.31,159.24,596869,11,2,0,0,0
86.36,5.1,54.21,412256,3.81,25.69,3,32.68,1.21,433337.7,0.24,56.9,38.09,24.83,43.74,53.36,53.45,802.35,44.48,24.26,25.43,44.8,44.34,24.19,25.35,22.13,12.07,12.66,1.09,1.18,0,0.53,163.84,621531.8,11,2,0,0,0
86.36,3.62,0,402575.66,4.53,21.11,2.71,35.28,0.72,544781.5,-0.59,56.99,33.79,22.21,43.87,53.82,53.89,756.08,41.59,20.51,21.79,43.03,41.57,20.5,21.78,22.01,10.86,11.53,0.88,0.95,0,0.33,123.66,664043.1,11,2,0,0,0
86.36,5.13,48.83,450977.34,5.01,21.41,2.79,38.35,0.78,637439.5,0.1,66.55,37.78,25.34,55.34,64.68,64.8,1300.73,40.41,20.08,20.38,44.52,40.4,20.08,20.38,20.75,10.31,10.47,0.87,0.95,0,0.3,115.77,624588.6,11,2,0,0,0
69.42,0.35,0,471306.04,5.73,17.78,2.19,46.52,0.76,758112.1,0.06,64.22,37.9,25.54,52.65,62.45,62.46,1347.35,37.23,20.19,20.67,42.59,37.23,20.19,20.66,19.36,10.5,10.75,0.99,1.3,0,0.76,75.09,702236,10,5,0,0,0
69.42,7.81,0,499547.37,6.32,17.08,2.1,51.32,0.76,758112.1,0.06,67.4,42.34,28.54,53.6,64.03,64.1,1136.99,39.38,20.23,24.1,45.26,38.55,19.8,23.59,20.83,10.7,12.74,0.92,1.18,0.04,0.61,85,797059.8,11,5,0,0,0
69.42,0,2.46,490519.4,8.89,11.91,1.84,57.48,0.75,957529,0.1,62.38,33.61,22.51,51.2,60.02,60.04,1127.17,34.88,16.44,17.83,40.55,34.23,16.13,17.49,18.97,8.94,9.7,1.23,1.66,0,0.76,112.22,865789,12,4,0,0,0
57.9,0,0,549578.49,8.62,12.18,1.59,65.87,0.77,1463320.9,-0.13,60.86,33.85,23.21,51.86,58.44,58.37,1082.7,28.79,15.59,17.09,38.18,28.79,15.59,17.09,16.27,8.81,9.66,1.05,1.46,0,0.57,90.03,880997.1,13,4,0,0,0
57.9,0,0.1,759626.82,9.55,15.2,1.99,72.95,0.82,1669985.5,0.04,57.54,29.33,19.16,47.74,55.2,55.31,1111.95,25.55,11.89,12.7,31.64,25.42,11.84,12.64,15.09,7.03,7.5,0.87,1.25,0.01,0.14,69.91,864155.4,13,4,0,0,0
57.9,5.11,0,727714.12,11.36,12.24,1.66,83.62,0.89,1885054,0.08,49.15,26.97,18.34,37.71,48.52,48.5,865.77,19.41,10.83,10.82,22.24,19.31,10.78,10.77,11.94,6.66,6.66,1.06,1.39,0,0.53,119.69,805370.5,13,4,0,0,0
50.98,0.29,0,1906806.73,79.88,17.13,3.55,385.95,1.15,932168.7,-0.21,82.58,35.67,29.52,49.53,80.07,80.07,404.57,12.32,10.21,11.58,19.42,4.5,3.73,4.23,3.87,3.2,3.63,0.43,0.45,1.87,0.17,271.45,36131.5,2,3,1,0,0
51.37,0,0,3291787.26,133.87,16.92,4.17,542.74,0.91,1501494.4,0.39,76.42,33.04,27.6,52.39,79.7,79.7,488.59,14.79,12.99,11.57,21.97,5.28,4.64,4.13,4.56,4,3.57,0.67,0.7,1.74,0.26,347.51,46364,2,3,1,0,0
49.03,0,28.45,2397209.47,99.42,15.32,2.09,727.66,1.05,2459531.6,0.43,80.16,29.11,23.75,41.02,79.11,79.11,175,15.86,13.34,11.7,20.21,5.45,4.59,4.02,4.64,3.9,3.42,0.68,0.71,2.06,0.23,382.77,57135.4,2,3,1,0,0
44.76,0,0,3514507.81,49.65,21.65,2.74,392.51,1.03,2512493.8,0.37,82.07,34.82,26.87,55.72,81.06,81.06,699.65,17.21,13.6,13,26.96,5.55,4.39,4.19,4.51,3.56,3.41,0.5,0.52,2.13,0.21,357.35,71614.7,2,3,1,0,0
44.72,0,0,3429841.29,62.15,16.86,2.35,446.25,1.01,2849000,0.24,83.97,41.78,29.42,58.15,81.04,81.04,516.54,19.64,14.08,14.2,28.06,6.55,4.69,4.73,5.3,3.8,3.83,0.86,0.91,1.9,0.37,364.57,84093.5,2,3,1,0,0
44.75,0,0,2447166.66,64.94,11.52,1.51,493.99,1.01,2849000,0.24,86.65,42.51,30.07,57.92,83.68,83.68,558.91,20.02,14.35,14.46,27.84,6.47,4.64,4.67,5.25,3.77,3.79,0.58,0.62,2.27,0.19,199.11,101285.9,2,3,1,0,0
45.34,0,0.1,2498016.86,61,12.68,1.42,543.07,1.06,2952250,-0.02,86.01,41.79,31.33,58.3,82.81,82.81,633.4,22.12,16.66,17.03,31.69,6.42,4.84,4.94,5.16,3.89,3.97,0.35,0.41,2.6,0.13,114.7,128052.1,2,3,1,0,0
45.3,0,0,3004052.78,68.2,13.63,1.52,609.78,0.99,3677440,-0.17,85.59,39.79,28.56,57.39,83.37,83.37,905.78,20.49,14.86,14.8,29.74,5.86,4.25,4.24,4.72,3.42,3.41,0.41,0.46,2.41,0.24,253.1,152492.1,2,3,1,0,0
45.24,0,15.21,2668472.52,70.32,11.73,1.23,668.05,1.06,3980640,-0.24,86.62,35.29,27.92,56.97,85.33,85.33,927.85,17.27,13.76,13.66,27.88,5,3.98,3.96,4,3.19,3.17,0.31,0.35,2.49,0.1,99.2,171942.5,3,3,5,0,0
46.53,0,0,3387003.35,84.62,12.35,1.33,783.83,1.09,4821120,-0.09,89.4,35.16,27.74,57.62,88.7,88.7,1169.37,18.14,14.52,14.53,30.19,5.21,4.17,4.17,4.18,3.34,3.35,0.43,0.48,2.48,0.08,101.81,207593.4,3,3,5,0,0
59.73,0,42.27,522562.16,74.24,13.37,1.7,583.17,0.98,4941606,0.07,17.55,12.23,10.05,14.89,17.14,17.24,3722.64,27.19,22.45,22.44,33.23,18.54,15.3,15.3,14.22,11.74,11.73,0.22,0.68,0.45,0.07,6.5,1183537.1,8,1,4,0,0
59.73,10.65,26,1009626.41,106.34,15.04,2.06,776.48,1.05,7221250.9,0.05,19.88,15.81,13.37,17.27,16.26,16.05,351.49,32.32,27.43,27.49,35.53,22.24,18.88,18.92,17.36,14.73,14.76,0.4,0.85,0.45,0.19,12.81,1392694.6,2,0,4,0,0
59.41,0,48.83,677131.5,142.8,7.47,1.17,912.73,1.05,9650429.6,0.11,24.81,12.43,10.31,15.04,23.87,23.93,920.29,19.14,16.03,15.69,22.88,12.22,10.24,10.02,9.74,8.16,7.99,0.69,1.05,0.64,0.56,61.9,1463280.7,3,0,4,0,0
59.41,8.99,52.5,1319921.02,144.41,14.4,2,1038.76,1.06,10539566.1,0.15,16.29,10.1,7.97,13.77,14.66,14.95,659.3,16.95,13.37,13.37,23.08,10.86,8.56,8.56,8.64,6.81,6.81,0.78,1.38,0.49,0.49,26.97,2003997.9,0,0,5,0,0
59.4,0.29,26,1757613.71,114.56,24.16,2.7,1023.4,1.09,12246938.1,0.31,15.74,9.63,7.74,13.21,14.44,14.62,738.46,18.44,14.83,14.78,25.23,12.51,10.06,10.03,9.7,7.8,7.77,0.84,1.3,0.46,0.59,42.21,2586510,3,1,4,0,0
61.58,0,56.21,1405838.94,99.67,21.02,1.75,1200.26,1.09,12246938.1,0.31,11.55,7.44,5.79,9.25,9.93,9.95,423.38,16.61,13,12.97,20.7,11.53,9.02,9,8.98,7.03,7.01,1.24,1.83,0.42,0.97,45.53,3397920,0,0,4,0,0
62.31,0,15.59,1417831.41,215.48,9.62,1.45,1429.18,1.14,13377094.4,0.28,10.23,6.93,5.54,8.04,8.22,8.29,326.73,15.39,12.31,12.28,17.84,10.9,8.72,8.7,8.63,6.91,6.89,1.08,1.65,0.4,0.94,51.67,3711190,1,0,4,0,0
58.6,0,54.21,1432151.16,127.14,15.09,1.21,1584.34,1.41,17945700.9,-0.11,9.71,6.78,5.36,7.51,7.7,7.69,308.97,14.82,11.72,11.69,16.39,10.35,8.19,8.17,8.14,6.43,6.42,0.81,1.3,0.46,0.7,31.92,4013020,1,0,5,0,0
58.6,0,0,1993350.16,13.76,19.4,1.55,172.04,1.56,20514956.3,-0.07,11.61,8.44,6.5,9.16,9.41,9.36,338.59,14.27,11.01,11,15.49,9.82,7.57,7.57,7.7,5.94,5.94,0.74,1.16,0.45,0.68,13.24,3408140,17,5,5,0,0
61.32,6.22,0,1549251.91,4.73,41.1,1.07,180.97,1.63,23615268.9,-0.25,18.3,13.9,10.57,14.3,16.04,15.78,469.14,15.26,11.66,11.65,15.76,10.63,8.13,8.12,8.15,6.23,6.22,0.44,0.66,0.42,0.39,10.78,2512410,1,9,4,0,0
68.31,7.41,42.27,202934.82,30.43,34.64,8.34,126.37,0.53,36102.1,0.44,74.3,17.06,10.16,17.37,-7921.05,0,20.29,30.04,16.14,15.41,26.33,11.77,6.32,6.04,1.67,0.9,0.86,1.72,1.73,1.79,1.16,1602.09,1833,2,3,1,0,0
63.71,5.1,20.57,255043.12,48.94,25.16,6.06,203.15,0.44,54743.8,0.61,79.58,17.86,11.51,17.02,15.01,0,21.35,30.58,16.72,16.75,24.76,11.74,6.42,6.43,1.91,1.04,1.04,1.52,1.52,1.49,1.02,1952.76,71.3,2,3,1,0,0
63.71,0.6,22.8,230385.92,60.91,18.26,4.47,248.72,0.38,62941.4,0.44,80.47,18.53,11.92,15.42,80.07,0,21.51,30.4,16.95,17.05,22.06,12.31,6.87,6.91,1.93,1.07,1.08,2.02,2.02,1.45,1.49,2426.37,5545.4,2,3,1,0,0
63.72,0.52,42.27,370655.49,43.36,41.27,6.48,276.08,0.33,66093.3,0.46,77.69,16.01,10.54,16.17,80.07,0,21.26,29.48,14.8,14.8,22.71,11.74,5.9,5.9,1.81,0.91,0.91,1.7,1.7,1.56,1.23,1547.71,1833,2,3,1,0,0
63.72,0.35,26,457520.11,13.34,33.12,6.85,64.51,0.34,76211.5,0.37,76.57,15.22,8.41,19.33,85.33,0,23.57,34.62,11.11,12.62,29.01,12.82,4.12,4.68,1.99,0.64,0.73,2.19,2.19,1.84,1.63,1869.57,1833,2,3,1,0,0
63.72,0.37,0,589763.92,15.41,36.95,7.46,76.35,0.34,76211.5,0.37,79.47,15.17,9.59,21.01,74.81,0,24.74,40.22,15.6,15.75,34.49,15.13,5.87,5.92,2.33,0.9,0.91,1.96,1.96,1.52,1.28,1363.52,32743.4,3,3,5,0,0
63.68,0.29,54.21,847468.49,14.53,56.3,9.84,83.2,0.31,92885,0.41,79.46,14.59,10.32,19.99,74.81,0,22.79,33.88,15.48,15.47,29.98,12.91,5.9,5.9,2.13,0.97,0.97,2.05,2.05,1.71,1.45,1436.05,23084.5,3,3,5,0,0
63.65,0.25,0.1,1187501.83,0.23,2474.48,16.03,35.77,0.35,146498.9,0.6,77.75,10.41,6.95,17.92,-8231.37,0,19.29,27.32,8.75,10.04,25.88,10.41,3.33,3.83,1.76,0.56,0.65,1.88,1.88,1.55,1.42,1341.75,171942.5,6,3,5,0,0
63.56,1.13,21.85,2117247.31,-7.13,1182.74,9.31,109.78,0.45,389710.1,0.67,78.95,10.99,7.44,18.21,-3653.68,0,21.38,29.53,8.23,10.49,25.68,11.56,3.22,4.11,1.92,0.53,0.68,2.63,2.63,1.56,1.93,1800.2,39506.8,7,3,4,0,0
54.97,1.66,0,1972193.67,-4.23,44.84,9.01,90.94,0.5,358723.1,0.48,79.46,7.27,5.09,20.88,29.02,0,19.88,26.81,2.73,7.22,29.59,9.19,0.94,2.47,1.67,0.17,0.45,2.53,2.53,2.24,1.81,1919.94,17319.8,7,3,4,0,0
81.65,6.22,52.55,1204865.25,35.53,34.65,14.54,84.69,0.5,74888.3,0.33,28.26,25.91,25.44,27.63,-2.93,-3,84.76,30.34,31.48,32.16,34.93,17.64,18.3,18.69,15.29,15.86,16.2,3.56,4.19,0.44,2.29,241.16,17221.3,7,2,1,0,0
77.55,0,51.42,793555.25,42.1,19.26,7.28,111.43,0.5,148061.9,0.04,33.34,31.47,30.33,32.16,8.18,8.24,115.42,31.52,30.46,30.47,32.31,26.8,25.9,25.91,21.79,21.06,21.07,2.02,2.37,0.02,0.95,155.64,24273.5,15,6,4,0,0
76.21,16.18,1.05,528449.67,46.85,11.53,3.96,136.38,0.54,186106.4,-0.02,33.15,31.49,30.76,32.37,2.94,2.97,101.81,26.95,26.96,27.04,28.46,26.59,26.6,26.68,21.43,21.44,21.5,2.96,3.45,0,2.1,164.07,28336.5,8,3,3,0,0
74.12,15.31,52.11,1528198.15,28.65,27.25,10.18,76.72,0.5,227606.8,0.22,39.63,35.4,33.52,36.04,13.31,13.53,117.87,17.23,16.53,16.54,17.78,17.15,16.45,16.46,14.52,13.92,13.93,4.06,4.83,0.01,3.06,19.13,18686.5,1,3,4,0,0
74.05,14.03,54.21,2314413.83,38.62,30.62,11.88,99.53,0.5,262262.2,0.34,45.04,43.08,41,43.29,7.49,7.49,106.28,23.27,22.28,22.32,23.57,23.12,22.14,22.18,20.28,19.41,19.45,4.37,5.49,0.01,3.62,237.98,20046.4,17,3,3,0,0
73.98,5.49,26,2285740.54,53.93,21.65,8.19,142.53,0.5,262262.2,0.34,41.94,38.85,38.21,40.02,8.17,8.44,104.05,27.82,27.39,23.34,24.45,27.65,27.22,23.2,23.96,23.58,20.1,2.89,3.56,0.01,2.13,205.87,24882.1,7,3,6,0,0
73.96,4.78,0,3076359.96,62.69,25.07,8.91,176.41,0.5,344199,0.29,29.07,23.77,18.52,23.05,19.26,19.34,200.16,8.57,6.59,6.59,8.21,8.52,6.56,6.56,7.13,5.49,5.49,1.89,2.67,0.01,1.19,76.35,24522.3,2,3,0,0,0
73.9,1.8,48.94,4168662.82,96.7,22.01,9.46,224.9,0.49,578864.4,0.71,-77.22,-88.26,-89.12,-84.74,8.25,8.29,46.58,1.06,0.63,-37.23,-35.39,0.91,0.54,-32.05,0.67,0.4,-23.4,1.06,1.29,0.33,0.24,18.13,29958.8,20,2,3,0,0
73.9,1.98,0.1,4988978.1,95.85,26.57,10.98,231.87,0.51,635569.8,0.43,-1.38,-18.37,-17.37,-11.41,-4.16,-4,-759.22,-10.1,-9.78,-9.76,-6.42,-7.74,-7.49,-7.48,-5.69,-5.51,-5.5,0.24,0.44,0.3,0.05,16.43,82663.5,8,2,1,0,0
73.42,3.15,0,4957695.22,117.24,21.46,7.63,329.67,0.53,779480,0.31,4.49,-13.23,-13.29,-6.17,0.25,0.25,-212.56,-3.98,-4.55,-4.87,-2.26,-3.1,-3.55,-3.79,-2.37,-2.72,-2.91,0.28,0.54,0.27,0.03,7.53,77537.8,7,0,0,0,0
33.43,0,21.85,280455.84,46.26,15.73,4.06,179.43,0.88,162263.9,0.63,29.88,27.53,24.78,27.03,28.88,28.87,2233.66,60.78,54.95,54.98,59.96,60.4,54.6,54.63,45.49,41.12,41.15,1.79,1.8,0.01,0.25,18.48,149446.4,6,3,5,0,0
33.42,0,20.57,240342.44,51.31,12.15,3.08,202.69,0.84,261608.9,0.02,30.41,27.84,23.28,23.95,26.32,26.32,746.51,52.94,43.45,47.55,48.93,52.47,43.07,47.13,39.24,32.21,35.25,2.34,2.34,0.01,0.83,13.78,182936.7,7,3,4,0,0
41.73,32.63,0.09,81104.83,20.83,8.66,0.66,273.55,1.02,382686.3,-0.44,28.43,23,20.6,20.62,27.18,27.18,1999.05,42.71,37.81,38.73,38.76,42.26,37.41,38.32,31,27.44,28.11,1.7,1.71,0.01,0.6,34.92,224079,7,3,4,0,0
37,24.02,28.45,382672.25,44.1,17.14,2.57,293.78,1.13,513273,-0.03,30.86,27.22,23.95,24.99,29.65,29.65,1747.62,45.94,39.54,39.62,41.33,45.5,39.16,39.24,31.5,27.11,27.16,1.42,1.42,0.01,0.77,73.96,230472.8,15,5,4,0,0
34.83,23.47,15.11,671494.67,33.66,37.06,3.38,369.51,1.16,550111.1,0.06,30.92,28.75,25.29,26.15,29.7,29.7,1593.46,49.96,43.83,43.89,45.37,49.57,43.48,43.54,35.18,30.86,30.91,1.55,1.69,0.01,0.56,96.42,292770.2,15,5,4,0,0
34.81,8.38,0.12,742077.83,4.4,62.63,3.61,76.42,1.16,550111.1,0.06,35.32,32.46,26.59,27.06,29.93,29.93,431.28,60.43,49.35,49.62,50.5,59.96,48.97,49.24,44.08,36,36.2,1.72,1.84,0.01,0.43,76.8,381061.1,15,5,4,0,0
34.71,7.55,0.12,729306.45,4.07,66.18,3.64,74.08,1.23,554327.9,0.29,32.67,30.92,25.24,26.63,29.99,29.99,725.37,55.5,45.39,44.69,47.15,55.05,45.02,44.32,40.99,33.52,33.01,2.01,2.43,0.01,0.46,61.84,484300.4,15,5,4,0,0
34.33,6.22,0,1090169.67,0.59,669.97,5.72,69.64,1.52,541691.9,0.61,36.49,33.67,26.95,29.22,33.42,33.42,618.98,61.62,49.51,48.29,52.35,61.31,49.26,48.05,46.7,37.53,36.6,2.6,2.73,0,1.08,115.91,646807.8,14,5,4,0,0
34.33,6.54,0,1505055.38,-17.45,51.43,10.21,53.87,1.42,546764.3,0.37,32.79,30.71,24.01,25.99,28.77,28.77,548.14,53.85,41.97,41.91,45.36,53.62,41.79,41.73,39.67,30.92,30.88,2.3,2.38,0.01,1.05,114.96,735850,14,5,4,0,0
33.01,6.44,0,1115326.75,0.33,1182.74,4.79,80.57,1.41,624941.7,0.11,34.48,32.7,25.75,27.38,31.65,31.65,802.68,53.2,41.86,41.81,44.47,52.99,41.69,41.64,41.52,32.66,32.63,4.55,4.58,0,2.5,41.58,858670,15,6,4,0,0
30.52,4.49,15.21,260980.6,66.4,6.77,1.83,245.78,1.11,192895.4,0.14,11.69,7.99,5.94,8.84,8.21,8.3,259.49,41.25,30,31.04,46.13,26.39,19.19,19.85,14.23,10.35,10.7,0.22,0.49,0.59,0.1,10.15,310007.1,7,1,1,0,0
33.94,6.54,15.11,506404.52,63.77,10.87,2.32,298.77,1.16,551720.1,0.15,12,7.6,5.99,10.17,8.08,8.07,220.52,37.41,27.02,27.71,47.07,21.97,15.87,16.28,11.99,8.66,8.88,0.38,0.57,0.8,0.25,27.92,324347.8,7,3,1,0,0
33.95,39.87,0,150502.05,71.29,2.89,0.61,338.13,1.35,691031.7,-0.14,11.72,3.41,3.37,6.97,6.63,6.58,71.31,9.88,9.29,10.08,20.84,5.03,4.73,5.13,3.1,2.91,3.16,0.18,0.31,1.06,0.07,14.65,285132.8,3,1,1,0,0
31.32,35.06,0,561296.06,56.62,11.17,1.52,416.6,1.43,744823.4,-0.12,15.84,7.01,5.55,9.14,10.76,10.93,143.35,23.32,16.36,16.41,27.02,11.16,7.83,7.85,7.11,4.99,5,0.24,0.38,1.11,0.1,17.87,381618.7,7,0,0,0,0
30.6,0,0,595192.57,71.79,8.64,1.27,487.55,1.42,906913.4,0.03,10.23,4.26,3.51,6.41,9.09,9.16,391.61,13.63,10.37,10.37,18.93,7.06,5.37,5.37,4.48,3.41,3.41,0.34,0.58,0.8,0.13,17.9,510050.7,6,0,1,0,0
31.35,3.28,15.29,456859.28,70.68,6.66,0.87,541.74,1.42,906913.4,0.03,8.21,2.24,2.08,4.83,7.12,7.19,241.11,8,6.32,6.32,14.7,4.4,3.48,3.48,2.85,2.25,2.25,0.4,0.62,0.84,0.2,11.42,591991.7,2,0,1,0,0
31.35,6.57,19.46,303310.52,55.28,5.65,0.54,576.29,1.51,968316,0.08,7.63,0.34,0.59,4.29,3.25,3.26,16.65,1.94,1.14,1.58,11.5,1.04,0.61,0.84,0.68,0.4,0.55,0.26,0.48,0.89,0.11,3.25,491789,2,3,2,0,0
31.35,7.36,0,382513.19,66.36,5.94,0.63,629.6,1.56,1126224.3,-0.08,8.21,-1.85,0.99,3.6,-1.78,-1.77,-14.56,-2.93,0.85,2.16,7.89,-1.59,0.46,1.17,-1.04,0.3,0.76,0.16,0.38,0.8,0.02,1.9,377709.5,2,0,0,0,0
31.35,9,26,307729.61,53.61,5.91,0.46,686.39,1.46,1175549.8,-0.39,2.63,-9.35,-11.19,-2.35,-2.42,-2.47,-184.68,-21.04,-28.1,-27.33,-5.73,-10.13,-13.53,-13.16,-6.57,-8.78,-8.54,0.19,0.44,1.44,0.05,7.74,394418.3,3,0,0,0,0
31.35,8.99,0,310303.33,11.26,28.38,0.71,449.95,1.52,1102867.8,-0.31,8.86,-0.12,-0.13,5.26,6.49,6.48,16.77,1.23,0.49,-0.33,13.43,0.62,0.25,-0.16,0.4,0.16,-0.11,0.28,0.57,0.71,0.12,4.36,473808.1,11,2,1,0,0
79.58,47.32,26,813497.41,18.14,30.78,9.63,58,1.57,96066,-0.45,36.14,30.78,20.75,24.29,34.13,34.27,1218.73,53.05,35.51,36.09,42.25,34.91,23.36,23.75,24.35,16.3,16.57,1.53,1.95,0.69,1.4,199.23,197663.8,9,3,0,0,0
79.45,18.78,54.21,621556.1,20.6,20.65,5.38,79.05,0.75,202772,-0.19,38.81,30.51,20.23,25,36.06,36.13,761.67,40.48,26.2,26.36,32.56,20.96,13.56,13.64,16.56,10.72,10.78,0.35,0.77,1.08,0.24,11.16,221893.6,21,3,2,0,0
79.32,0.05,56.21,359506.28,20.05,12.24,2.87,85.42,0.78,250724,-0.07,35.75,26.61,18.92,22.21,33.84,34.21,1124.99,31.69,22.51,22.48,26.39,14.35,10.19,10.18,11.82,8.4,8.39,0.58,0.94,1.32,0.46,30.54,268435.3,2,1,0,0,0
79.52,0,45.1,1037731.67,33.04,21.39,5.87,120.49,0.74,305674,0.1,36.28,25.73,17.99,22.4,33.38,33.22,568.79,23.36,16.32,16.4,20.41,12.06,8.43,8.47,10.02,7,7.03,0.53,0.84,0.68,0.47,61.12,267576,7,1,2,0,0
79.28,0,54.21,1173943.89,19.49,24.54,5.51,86.87,0.73,344350,0.07,37.98,29.32,20.58,24.26,35.07,35.26,682.76,22.97,16.13,16.07,18.94,14.12,9.91,9.88,11.88,8.34,8.31,0.59,1.03,0.58,0.55,68.73,319019.4,19,3,0,0,0
78.41,0,54.21,1079393.98,18.76,23.4,4.13,106.2,0.73,344350,0.07,35.09,25.73,17.48,20.6,32.42,32.61,664.2,19.3,13.14,13.03,15.37,12.61,8.59,8.52,10.58,7.21,7.15,0.36,0.71,0.48,0.3,54.15,368169.4,9,2,0,0,0
78.28,0,52.5,1076671.92,21.85,20.01,3.78,115.56,0.7,389644,0.09,29.63,18.26,11.79,17.99,27.62,27.89,751.48,14.08,9.09,9.07,13.84,9.51,6.14,6.13,7.86,5.07,5.06,0.24,0.62,0.48,0.16,24.73,418876,5,2,0,0,0
73.47,0,52.48,1338223.75,29.5,18.39,4.56,119.03,0.51,462803,0.43,30.16,20.71,13.67,18.31,28.85,28.94,1147.91,16.28,10.7,10.65,14.26,11.15,7.33,7.29,9.1,5.98,5.95,0.22,0.56,0.44,0.18,10.11,460422.6,5,0,0,0,0
73.39,0,15.11,1550065.22,32.8,19.14,4.48,140.22,0.48,540882,0.14,27.37,17.33,13.11,17.39,22.82,23.17,504.78,11.04,7.89,9.76,12.95,7.74,5.54,6.85,6.34,4.53,5.61,0.12,0.66,0.41,0.09,4.94,463663.5,2,0,0,0,0
73.34,0,0,1391876.33,32.64,17.26,3.38,166.86,0.47,592532,0.1,17.15,3.58,2.22,10.07,16.74,16.72,778.59,4.53,1.91,1.67,7.57,2.99,1.26,1.1,2.31,0.97,0.85,0.33,0.68,0.67,0.26,9.69,426974.4,7,3,0,0,0
35.88,0.6,15.09,39396,2.81,49.98,5.21,27.01,1.07,41640.9,0.19,25.56,22.61,20.23,22.93,23.86,23.99,1167.08,40.48,36.09,36.09,40.91,39.75,35.45,35.45,27.59,24.6,24.6,2.08,2.14,0.03,1.21,62.4,137585,14,2,1,0,0
33.97,2.39,0,49914.52,6.75,24.98,3.78,44.59,1.35,169832.2,0.08,23.24,19.43,16.89,19.23,21.13,21.18,957.61,32.78,28.76,29.27,33.31,27.46,24.09,24.51,20.32,17.83,18.14,1.13,1.17,0.33,0.56,94.77,176581,2,3,3,0,0
32.58,0,0,14819.25,10.17,4.91,0.91,54.69,1.44,229008,-0.07,24.39,16.16,13.4,15.97,22.39,22.38,738.26,29.62,24.35,24.65,29.38,21.68,17.82,18.04,15.76,12.95,13.11,0.98,1.02,0.4,0.44,92.98,216128,21,3,0,0,0
27.16,3.62,25.63,86564.2,13.93,18.29,2.8,90.96,1.42,363825.1,0.26,27.01,23.98,20.48,22.99,23.99,24.11,686.15,37.72,32.11,32.43,36.4,27.96,23.8,24.04,20.48,17.44,17.61,1.11,1.15,0.31,0.52,114.61,230063,19,5,1,0,0
26.57,3.62,0,107580.89,20.96,14.79,2.84,109.29,1.46,590069.8,0.34,23.95,21.24,17.85,19.93,21.79,21.82,882.92,29.05,24.53,24.83,27.73,22.99,19.42,19.66,17.44,14.72,14.9,1.94,2.08,0.22,0.97,89.41,264012,17,5,0,0,0
26.13,3.62,16.72,129652.28,25.75,14.26,2.87,127.93,1.46,590069.8,0.34,22.72,18.1,14.15,15.8,19.57,19.54,490.03,25.79,20.17,20.52,22.91,21.14,16.54,16.82,16.05,12.55,12.77,1.84,2,0.22,0.88,86.39,318034,7,6,1,0,0
25.72,3.62,25.63,153687.58,33.79,12.68,2.73,156.73,1.55,736256.7,0.37,24.09,21.05,16.31,17.91,20.85,20.87,548.91,29.6,22.9,23.26,25.54,23.98,18.56,18.85,17.95,13.89,14.1,1.64,1.73,0.25,0.86,105.87,332296,9,6,3,0,0
25.55,4.49,0,149122,44.86,9.22,2.09,197.48,1.63,1090158,0.44,26.63,23.9,18.16,19.83,23.01,23.01,542.92,35.73,27.15,27.57,30.1,29.79,22.64,22.99,21.9,16.64,16.9,2.03,2.15,0.16,1.1,125.95,387651,0,3,1,0,0
22.06,3.62,0.12,341102.41,48.01,17.01,2.92,279.6,1.84,1361704,0.28,26.93,24.32,18.7,20.23,22.19,22.33,435.18,32.71,25.31,25.61,27.71,28.02,21.69,21.95,20.85,16.14,16.33,2.01,2.24,0.18,1.2,174.41,412128,11,2,0,0,0
21.91,3.61,0,363570.63,60.33,14.33,2.64,327.84,1.71,1652634.3,0.31,26.36,22.58,17.25,19.09,21.64,21.67,398,28.73,21.48,21.84,24.17,24.52,18.32,18.64,19.16,14.32,14.57,2.33,2.85,0.17,1.43,85.55,446808,8,3,0,0,0
